============================================================
  Generated by:           Genus(TM) Synthesis Solution 17.14-s037_1
  Generated on:           Jun 02 2026  02:06:31 am
  Module:                 top_ti
  Technology libraries:   saed14rvt_tt0p8v25c 
                          saed14rvt_ss0p72v25c 
                          saed14rvt_ff0p88v25c 
  Operating conditions:   _nominal_ (balanced_tree)
  Wireload mode:          enclosed
  Area mode:              timing library
============================================================

path   1:

                  Pin                               Type              Fanout Load Slew Delay Arrival   
                                                                             (fF) (ps)  (ps)   (ps)    
-------------------------------------------------------------------------------------------------------
(clock clk)                                launch                                                  0 R 
u_pe_array
  gen_tile[163].u_tile
    mul_prod_reg_reg[0][24]/CK                                                      20             0 R 
    mul_prod_reg_reg[0][24]/QN             SAEDRVT14_FDP_V2_2              4  2.3    6   +26      26 R 
    g66509/A1                                                                             +0      26   
    g66509/X                               SAEDRVT14_ND2_CDC_0P5           1  0.5    4    +6      33 F 
    g67854/A1                                                                             +0      33   
    g67854/X                               SAEDRVT14_OA2BB2_V1_1           1  0.3    6    +8      40 R 
    g67853/B                                                                              +0      40   
    g67853/X                               SAEDRVT14_OA21B_1               1  0.3    4    +5      46 F 
    g67852/A1                                                                             +0      46   
    g67852/X                               SAEDRVT14_OA22_0P75             1  0.3    3   +10      55 F 
    g67851/A1                                                                             +0      55   
    g67851/X                               SAEDRVT14_OA21B_1               1  0.7    6   +11      66 F 
    g66446/A1                                                                             +0      66   
    g66446/X                               SAEDRVT14_NR2_MM_2              8  3.4   11   +11      78 R 
    g66430/S                                                                              +0      78   
    g66430/X                               SAEDRVT14_MUX2_MM_0P5           3  1.0    8   +15      93 R 
    g66427/A2                                                                             +0      93   
    g66427/X                               SAEDRVT14_ND2_CDC_0P5           2  0.9    6    +8     100 F 
    g67847/A1                                                                             +0     100   
    g67847/X                               SAEDRVT14_OA2BB2_V1_1           1  0.2    6    +8     108 R 
    g66410/B                                                                              +0     108   
    g66410/X                               SAEDRVT14_OAI21_0P5             1  0.3    5    +7     115 F 
    g67846/A2                                                                             +0     115   
    g67846/X                               SAEDRVT14_AO21B_0P5             1  0.7    6   +12     128 F 
    g66407/A1                                                                             +0     128   
    g66407/X                               SAEDRVT14_NR2_2                 8  3.2   10   +10     138 R 
    g66406/A                                                                              +0     138   
    g66406/X                               SAEDRVT14_INV_1                 7  2.8    9   +12     149 F 
    g66405/B1                                                                             +0     149   
    g66405/X                               SAEDRVT14_OAI22_1               3  0.8   10   +11     160 R 
    g66396/A1                                                                             +0     160   
    g66396/X                               SAEDRVT14_OAI21_0P5             1  0.2    5    +8     168 F 
    g66394/B                                                                              +0     168   
    g66394/X                               SAEDRVT14_AO21B_0P5             2  0.6    6    +7     175 R 
    g66393/A1                                                                             +0     175   
    g66393/X                               SAEDRVT14_AN2_1                 2  0.8    4   +10     184 R 
    g67845/A2                                                                             +0     184   
    g67845/X                               SAEDRVT14_OAI31_2               1  0.2    2   +15     200 F 
    g66388/B                                                                              +0     200   
    g66388/X                               SAEDRVT14_OAI21_0P5             1  0.3    5    +4     204 R 
    g67844/B1                                                                             +0     204   
    g67844/X                               SAEDRVT14_OA22_0P75             1  0.3    3   +13     217 R 
    g66385/B                                                                              +0     217   
    g66385/X                               SAEDRVT14_AO21_1                1  0.3    3    +7     224 R 
    g66384/A1                                                                             +0     224   
    g66384/X                               SAEDRVT14_AO21_1                8  3.2   12   +18     241 R 
    g66378/S                                                                              +0     241   
    g66378/X                               SAEDRVT14_MUXI2_U_0P5           3  1.1   15   +18     260 R 
    g66374/A1                                                                             +0     260   
    g66374/X                               SAEDRVT14_AOI21_0P75            1  0.3    7    +9     269 F 
    g66372/B                                                                              +0     269   
    g66372/X                               SAEDRVT14_OA21B_1               3  0.9    7    +8     277 R 
    g66370/A1                                                                             +0     277   
    g66370/X                               SAEDRVT14_AOI21_0P75            2  0.7    8    +8     285 F 
    g66368/A2                                                                             +0     285   
    g66368/X                               SAEDRVT14_NR2_MM_1              1  0.4    4    +7     292 R 
    g66366/B1                                                                             +0     292   
    g66366/X                               SAEDRVT14_OAI22_1               2  0.6    9    +9     301 F 
    g66365/A1                                                                             +0     301   
    g66365/X                               SAEDRVT14_NR2_MM_1              2  0.7    6    +8     309 R 
    g66362/A2                                                                             +0     309   
    g66362/X                               SAEDRVT14_OA31_1                1  0.6    5   +14     323 R 
    g66360/A2                                                                             +0     323   
    g66360/X                               SAEDRVT14_OAI21_1               8  3.4   20   +18     341 F 
    g66359/A                                                                              +0     341   
    g66359/X                               SAEDRVT14_INV_S_2               7  2.7    9   +11     352 R 
    g66356/B1                                                                             +0     352   
    g66356/X                               SAEDRVT14_OAI22_1               3  0.8   12   +11     364 F 
    g66350/A1                                                                             +0     364   
    g66350/X                               SAEDRVT14_OA21_1                1  0.3    3   +14     377 F 
    g66348/B                                                                              +0     377   
    g66348/X                               SAEDRVT14_AO21_1                2  0.6    4   +11     388 F 
    g66347/A1                                                                             +0     388   
    g66347/X                               SAEDRVT14_AN2_1                 2  0.6    3    +7     395 F 
    g66345/A                                                                              +0     395   
    g66345/X                               SAEDRVT14_ND2B_U_0P5            1  0.5    7   +10     405 F 
    g66343/A2                                                                             +0     405   
    g66343/X                               SAEDRVT14_OAI21_0P5             1  0.2    7    +7     412 R 
    g66342/B                                                                              +0     412   
    g66342/X                               SAEDRVT14_OAI21_0P5             1  0.2    5    +7     419 F 
    g66341/B                                                                              +0     419   
    g66341/X                               SAEDRVT14_AOI21_0P75            1  0.3    6    +7     426 R 
    g66340/B                                                                              +0     426   
    g66340/X                               SAEDRVT14_OA21B_1               1  0.3    4    +5     431 F 
    g66339/B                                                                              +0     431   
    g66339/X                               SAEDRVT14_AO21_1                1  0.3    3   +10     442 F 
    g66338/A1                                                                             +0     442   
    g66338/X                               SAEDRVT14_AO21_1                7  2.8   10   +15     457 F 
    g66331/S                                                                              +0     457   
    g66331/X                               SAEDRVT14_MUXI2_U_0P5           3  1.1   13   +17     474 F 
    g66326/A1                                                                             +0     474   
    g66326/X                               SAEDRVT14_AOI21_0P75            1  0.3    7   +10     483 R 
    g66325/B                                                                              +0     483   
    g66325/X                               SAEDRVT14_OA21B_1               2  0.6    6    +7     490 F 
    g66322/A1                                                                             +0     490   
    g66322/X                               SAEDRVT14_NR2_MM_1              2  0.7    6    +7     497 R 
    g66319/A2                                                                             +0     497   
    g66319/X                               SAEDRVT14_OA31_1                1  0.3    4   +13     510 R 
    g66318/B                                                                              +0     510   
    g66318/X                               SAEDRVT14_OA21B_1               1  0.3    4    +4     515 F 
    g66317/B1                                                                             +0     515   
    g66317/X                               SAEDRVT14_OA221_U_0P5           8  3.1   18   +28     542 F 
    g66316/A                                                                              +0     542   
    g66316/X                               SAEDRVT14_INV_1                 7  2.7   12   +15     558 R 
    g66315/A1                                                                             +0     558   
    g66315/X                               SAEDRVT14_OAI22_1               3  1.0   11   +13     570 F 
    g66308/A1                                                                             +0     570   
    g66308/X                               SAEDRVT14_OR2_1                 2  0.6    3   +12     582 F 
    g66301/A1                                                                             +0     582   
    g66301/X                               SAEDRVT14_AN3_0P75              1  0.2    2    +7     589 F 
    g66300/B                                                                              +0     589   
    g66300/X                               SAEDRVT14_AOI21_0P75            1  0.3    6    +6     595 R 
    g66298/B1                                                                             +0     595   
    g66298/X                               SAEDRVT14_OA221_U_0P5           1  0.3    5   +16     611 R 
    g66294/B                                                                              +0     611   
    g66294/X                               SAEDRVT14_OA31_1                6  2.3   11   +19     630 R 
    g66290/S                                                                              +0     630   
    g66290/X                               SAEDRVT14_MUXI2_U_0P5           3  0.9   13   +16     647 R 
    g66281/A1                                                                             +0     647   
    g66281/X                               SAEDRVT14_AOI21_0P75            1  0.3    6    +9     656 F 
    g66279/B                                                                              +0     656   
    g66279/X                               SAEDRVT14_OA21B_1               1  0.2    3    +4     660 R 
    g66278/B                                                                              +0     660   
    g66278/X                               SAEDRVT14_AOI21_0P75            2  0.6    8    +6     665 F 
    g66276/A1                                                                             +0     665   
    g66276/X                               SAEDRVT14_OA31_1                1  0.2    3   +14     680 F 
    g66275/B                                                                              +0     680   
    g66275/X                               SAEDRVT14_AOI21_0P75            2  0.6    8    +8     688 R 
    g66273/A1                                                                             +0     688   
    g66273/X                               SAEDRVT14_AO21_1                2  0.6    4   +13     701 R 
    g66271/A1                                                                             +0     701   
    g66271/X                               SAEDRVT14_AO32_U_0P5            1  0.3    5   +12     713 R 
    g66270/A1                                                                             +0     713   
    g66270/X                               SAEDRVT14_AO221_0P5             1  0.3    5   +17     730 R 
    g66269/A2                                                                             +0     730   
    g66269/X                               SAEDRVT14_ND2_CDC_0P5           4  1.9   10   +10     740 F 
    g66268/A                                                                              +0     740   
    g66268/X                               SAEDRVT14_INV_PS_2              8  3.2    8   +10     750 R 
    g66264/S                                                                              +0     750   
    g66264/X                               SAEDRVT14_MUXI2_1               9  9.9   32   +40     790 R 
    g66260/A                                                                              +0     790   
    g66260/X                               SAEDRVT14_INV_1                 7  2.9   15   +20     810 F 
    g66187/A1                                                                             +0     810   
    g66187/X                               SAEDRVT14_AOI21_0P75            1  0.5    7   +12     822 R 
    g66145/A1                                                                             +0     822   
    g66145/X                               SAEDRVT14_EO2_V1_0P75          18  5.7   56   +45     867 F 
    g66006/A                                                                              +0     867   
    g66006/X                               SAEDRVT14_INV_1                17  5.4   28   +37     904 R 
    g65940/B1                                                                             +0     904   
    g65940/X                               SAEDRVT14_OAI22_0P75            2  0.5   15   +16     920 F 
    g65704/D1                                                                             +0     920   
    g65704/X                               SAEDRVT14_MUXI2_U_0P5           3  1.2   18   +20     940 R 
    g65288/B2                                                                             +0     940   
    g65288/X                               SAEDRVT14_OAI22_1               2  1.6   15   +19     959 F 
    g40770/A                                                                              +0     959   
    g40770/X                               SAEDRVT14_INV_0P75              1  0.7    6    +9     968 R 
    inc_add_241_47_I5_g467/B                                                              +0     968   
    inc_add_241_47_I5_g467/CO              SAEDRVT14_ADDH_0P5              1  0.7    6   +11     980 R 
    inc_add_241_47_I5_g466/A                                                              +0     980   
    inc_add_241_47_I5_g466/CO              SAEDRVT14_ADDH_0P5              1  0.7    6   +10     990 R 
    inc_add_241_47_I5_g465/A                                                              +0     990   
    inc_add_241_47_I5_g465/S               SAEDRVT14_ADDH_0P5              1  0.3    4   +11    1001 R 
    g42370/A1                                                                             +0    1001   
    g42370/X                               SAEDRVT14_AO21B_0P5             1  1.3   11   +15    1015 R 
    csa_tree_add_257_42_groupi_g10654/B                                                   +0    1015   
    csa_tree_add_257_42_groupi_g10654/CO   SAEDRVT14_ADDF_V1_1             1  0.7    5   +20    1035 R 
    csa_tree_add_257_42_groupi_g10584/CI                                                  +0    1035   
    csa_tree_add_257_42_groupi_g10584/S    SAEDRVT14_ADDF_V1_1             1  1.3    6   +36    1072 F 
    csa_tree_add_257_42_groupi_g10524/A                                                   +0    1072   
    csa_tree_add_257_42_groupi_g10524/S    SAEDRVT14_ADDF_V1_1             1  0.7    5   +30    1102 R 
    csa_tree_add_257_42_groupi_g10478/CI                                                  +0    1102   
    csa_tree_add_257_42_groupi_g10478/S    SAEDRVT14_ADDF_V1_1             1  1.3    6   +36    1138 F 
    csa_tree_add_257_42_groupi_g10476/A                                                   +0    1138   
    csa_tree_add_257_42_groupi_g10476/CO   SAEDRVT14_ADDF_V1_1             1  0.7    5   +17    1155 F 
    csa_tree_add_257_42_groupi_g10475/CI                                                  +0    1155   
    csa_tree_add_257_42_groupi_g10475/CO   SAEDRVT14_ADDF_V1_1             1  0.7    5   +18    1172 F 
    csa_tree_add_257_42_groupi_g10474/CI                                                  +0    1172   
    csa_tree_add_257_42_groupi_g10474/CO   SAEDRVT14_ADDF_V1_1             1  0.7    5   +18    1190 F 
    csa_tree_add_257_42_groupi_g10473/CI                                                  +0    1190   
    csa_tree_add_257_42_groupi_g10473/CO   SAEDRVT14_ADDF_V1_1             1  0.7    5   +18    1207 F 
    csa_tree_add_257_42_groupi_g10472/CI                                                  +0    1207   
    csa_tree_add_257_42_groupi_g10472/CO   SAEDRVT14_ADDF_V1_1             1  0.7    5   +18    1225 F 
    csa_tree_add_257_42_groupi_g10471/CI                                                  +0    1225   
    csa_tree_add_257_42_groupi_g10471/CO   SAEDRVT14_ADDF_V1_1             1  0.7    5   +18    1242 F 
    csa_tree_add_257_42_groupi_g10470/CI                                                  +0    1242   
    csa_tree_add_257_42_groupi_g10470/CO   SAEDRVT14_ADDF_V1_1             1  0.7    5   +18    1260 F 
    csa_tree_add_257_42_groupi_g10469/CI                                                  +0    1260   
    csa_tree_add_257_42_groupi_g10469/CO   SAEDRVT14_ADDF_V1_1             1  0.7    5   +18    1277 F 
    csa_tree_add_257_42_groupi_g10468/CI                                                  +0    1277   
    csa_tree_add_257_42_groupi_g10468/CO   SAEDRVT14_ADDF_V1_1             1  0.7    5   +18    1295 F 
    csa_tree_add_257_42_groupi_g10467/CI                                                  +0    1295   
    csa_tree_add_257_42_groupi_g10467/CO   SAEDRVT14_ADDF_V1_1             1  0.7    5   +18    1312 F 
    csa_tree_add_257_42_groupi_g10466/CI                                                  +0    1312   
    csa_tree_add_257_42_groupi_g10466/CO   SAEDRVT14_ADDF_V1_1             1  0.7    5   +18    1330 F 
    csa_tree_add_257_42_groupi_g10465/CI                                                  +0    1330   
    csa_tree_add_257_42_groupi_g10465/CO   SAEDRVT14_ADDF_V1_1             1  0.7    5   +18    1347 F 
    csa_tree_add_257_42_groupi_g10464/CI                                                  +0    1347   
    csa_tree_add_257_42_groupi_g10464/CO   SAEDRVT14_ADDF_V1_1             1  0.7    5   +18    1365 F 
    csa_tree_add_257_42_groupi_g10463/CI                                                  +0    1365   
    csa_tree_add_257_42_groupi_g10463/CO   SAEDRVT14_ADDF_V1_1             1  0.7    5   +18    1382 F 
    csa_tree_add_257_42_groupi_g10462/CI                                                  +0    1382   
    csa_tree_add_257_42_groupi_g10462/CO   SAEDRVT14_ADDF_V1_1             1  0.7    5   +18    1400 F 
    csa_tree_add_257_42_groupi_g10461/CI                                                  +0    1400   
    csa_tree_add_257_42_groupi_g10461/CO   SAEDRVT14_ADDF_V1_1             1  0.7    5   +18    1417 F 
    csa_tree_add_257_42_groupi_g10460/CI                                                  +0    1417   
    csa_tree_add_257_42_groupi_g10460/CO   SAEDRVT14_ADDF_V1_1             1  0.7    5   +18    1435 F 
    csa_tree_add_257_42_groupi_g10459/CI                                                  +0    1435   
    csa_tree_add_257_42_groupi_g10459/CO   SAEDRVT14_ADDF_V1_1             1  0.7    5   +18    1452 F 
    csa_tree_add_257_42_groupi_g10458/CI                                                  +0    1452   
    csa_tree_add_257_42_groupi_g10458/CO   SAEDRVT14_ADDF_V1_1             1  0.7    5   +18    1470 F 
    csa_tree_add_257_42_groupi_g10457/CI                                                  +0    1470   
    csa_tree_add_257_42_groupi_g10457/CO   SAEDRVT14_ADDF_V1_1             1  0.7    5   +18    1487 F 
    csa_tree_add_257_42_groupi_g10456/CI                                                  +0    1487   
    csa_tree_add_257_42_groupi_g10456/CO   SAEDRVT14_ADDF_V1_1             1  0.7    5   +18    1505 F 
    csa_tree_add_257_42_groupi_g10455/CI                                                  +0    1505   
    csa_tree_add_257_42_groupi_g10455/CO   SAEDRVT14_ADDF_V1_1             2  0.8    5   +18    1523 F 
    csa_tree_add_257_42_groupi_g10453/A1                                                  +0    1523   
    csa_tree_add_257_42_groupi_g10453/X    SAEDRVT14_AOI21_0P75            1  0.7    8    +9    1532 R 
    csa_tree_add_257_42_groupi_g10452/CI                                                  +0    1532   
    csa_tree_add_257_42_groupi_g10452/CO   SAEDRVT14_ADDF_V1_2            30 12.0   23   +35    1567 R 
    g42276/S                                                                              +0    1567   
    g42276/X                               SAEDRVT14_MUX2_MM_0P5           3  1.0    7   +21    1588 F 
    g42251/A2                                                                             +0    1588   
    g42251/X                               SAEDRVT14_NR2_MM_1              2  0.6    5    +8    1596 R 
    g42243/A                                                                              +0    1596   
    g42243/X                               SAEDRVT14_NR3B_U_0P5            2  0.8    6   +20    1616 R 
    g42237/A1                                                                             +0    1616   
    g42237/X                               SAEDRVT14_ND2_CDC_0P5           2  0.7    5    +7    1623 F 
    g42233/A                                                                              +0    1623   
    g42233/X                               SAEDRVT14_ND2B_U_0P5            3  1.5   15   +17    1640 F 
    g42226/A2                                                                             +0    1640   
    g42226/X                               SAEDRVT14_NR2_MM_1              3  0.7    7   +11    1651 R 
    g42224/B                                                                              +0    1651   
    g42224/X                               SAEDRVT14_ND2B_U_0P5            3  1.0   11   +12    1663 F 
    g42219/B1                                                                             +0    1663   
    g42219/X                               SAEDRVT14_OAI33_1              28 10.3   44   +51    1714 R 
    sll_266_33_g1543/A                                                                    +0    1714   
    sll_266_33_g1543/X                     SAEDRVT14_INV_1                23  9.7   32   +42    1756 F 
    g67213/A                                                                              +0    1756   
    g67213/CO                              SAEDRVT14_ADDF_V1_1             1  0.7    5   +27    1783 F 
    g67180/CI                                                                             +0    1783   
    g67180/CO                              SAEDRVT14_ADDF_V1_1             1  0.7    5   +18    1800 F 
    g67159/CI                                                                             +0    1800   
    g67159/CO                              SAEDRVT14_ADDF_V1_1             1  0.7    5   +18    1818 F 
    g67139/CI                                                                             +0    1818   
    g67139/CO                              SAEDRVT14_ADDF_V1_1             1  0.7    5   +18    1835 F 
    g67116/CI                                                                             +0    1835   
    g67116/CO                              SAEDRVT14_ADDF_V2_1             1  0.7    4   +12    1848 F 
    g67088/CI                                                                             +0    1848   
    g67088/CO                              SAEDRVT14_ADDF_V1_1             1  0.5    4   +16    1864 F 
    g67072/A1                                                                             +0    1864   
    g67072/X                               SAEDRVT14_EO2_V1_0P75           2  0.4    7   +11    1875 F 
    g67051/B1                                                                             +0    1875   
    g67051/X                               SAEDRVT14_ND3B_0P75             1  0.3    2   +16    1891 R 
    g67003/A1                                                                             +0    1891   
    g67003/X                               SAEDRVT14_OR4_1                 1  0.3    3    +7    1898 R 
    g66986/A1                                                                             +0    1898   
    g66986/X                               SAEDRVT14_OR4_2                 2  1.0    4    +9    1907 R 
    g66977/A1                                                                             +0    1907   
    g66977/X                               SAEDRVT14_AN3_8                31 11.7    7   +16    1923 R 
    g66972/A                                                                              +0    1923   
    g66972/X                               SAEDRVT14_INV_PS_1              1  0.3    3    +4    1927 F 
    g66953/A1                                                                             +0    1927   
    g66953/X                               SAEDRVT14_OAI21_0P5             1  0.2    6    +4    1931 R 
    g66895/D1                                                                             +0    1931   
    g66895/X                               SAEDRVT14_MUX2_U_0P5            1  0.2    3   +11    1942 R 
    result_reg_reg[23]/RS                  SAEDRVT14_FDPCBQ_V2LP_0P5                      +0    1942   
    result_reg_reg[23]/CK                  setup                                    20    +8    1950 R 
- - - - - - - - - - - - - - - - - - - - - - - - - - - - - - - - - - - - - - - - - - - - - - - - - - - -
(clock clk)                                capture                                              2000 R 
                                           uncertainty                                   -50    1950 R 
-------------------------------------------------------------------------------------------------------
Cost Group   : 'clk' (path_group 'clk')
Timing slack :       0ps 
Start-point  : u_pe_array/gen_tile[163].u_tile/mul_prod_reg_reg[0][24]/CK
End-point    : u_pe_array/gen_tile[163].u_tile/result_reg_reg[23]/RS

path   2:

                  Pin                               Type              Fanout Load Slew Delay Arrival   
                                                                             (fF) (ps)  (ps)   (ps)    
-------------------------------------------------------------------------------------------------------
(clock clk)                                launch                                                  0 R 
u_pe_array
  gen_tile[797].u_tile
    mul_prod_reg_reg[0][24]/CK                                                      20             0 R 
    mul_prod_reg_reg[0][24]/QN             SAEDRVT14_FDP_V2_0P5            4  2.3   16   +31      31 R 
    g66490/A1                                                                             +0      31   
    g66490/X                               SAEDRVT14_AOI21_0P5             1  0.3    7   +10      41 F 
    g67864/A1                                                                             +0      41   
    g67864/X                               SAEDRVT14_OA22_0P75             1  0.3    3   +11      51 F 
    g67863/A1                                                                             +0      51   
    g67863/X                               SAEDRVT14_OA22_0P75             1  0.3    3    +9      60 F 
    g67862/A1                                                                             +0      60   
    g67862/X                               SAEDRVT14_OA21B_1               1  0.7    6   +11      72 F 
    g66443/A1                                                                             +0      72   
    g66443/X                               SAEDRVT14_NR2_MM_2              9  3.4   11   +11      83 R 
    g66428/S                                                                              +0      83   
    g66428/X                               SAEDRVT14_MUX2_MM_0P5           3  0.9    7   +15      97 R 
    g66425/A1                                                                             +0      97   
    g66425/X                               SAEDRVT14_AN2_MM_1              2  0.6    3   +10     107 R 
    g67858/A1                                                                             +0     107   
    g67858/X                               SAEDRVT14_OAI31_2               1  0.3    2   +14     121 F 
    g66408/B                                                                              +0     121   
    g66408/X                               SAEDRVT14_AOI21_0P5             1  0.3    6    +6     127 R 
    g66407/A1                                                                             +0     127   
    g66407/X                               SAEDRVT14_OAI21_0P5             1  0.7    8    +9     136 F 
    g66406/A1                                                                             +0     136   
    g66406/X                               SAEDRVT14_NR2_MM_2              8  3.3   11   +12     147 R 
    g66405/A                                                                              +0     147   
    g66405/X                               SAEDRVT14_INV_2                 7  2.6    6    +8     155 F 
    g66404/B1                                                                             +0     155   
    g66404/X                               SAEDRVT14_OAI22_1               3  0.8   10   +10     165 R 
    g66396/A1                                                                             +0     165   
    g66396/X                               SAEDRVT14_OAI21_0P5             1  0.2    5    +7     172 F 
    g66394/B                                                                              +0     172   
    g66394/X                               SAEDRVT14_AO21B_0P5             2  0.6    6    +7     179 R 
    g66393/A1                                                                             +0     179   
    g66393/X                               SAEDRVT14_AN2_1                 2  0.9    4   +10     189 R 
    g67857/A2                                                                             +0     189   
    g67857/X                               SAEDRVT14_OAI31_2               1  0.3    2   +15     205 F 
    g66388/A2                                                                             +0     205   
    g66388/X                               SAEDRVT14_ND2_CDC_0P5           1  0.2    3    +3     207 R 
    g66387/B                                                                              +0     207   
    g66387/X                               SAEDRVT14_AOI21_0P75            1  0.3    6    +4     212 F 
    g66386/B                                                                              +0     212   
    g66386/X                               SAEDRVT14_OA21B_1               1  0.3    4    +5     216 R 
    g66385/B                                                                              +0     216   
    g66385/X                               SAEDRVT14_AO21_1                1  0.3    3    +7     224 R 
    g66384/A1                                                                             +0     224   
    g66384/X                               SAEDRVT14_AO21_1                8  3.2   12   +18     241 R 
    g66378/S                                                                              +0     241   
    g66378/X                               SAEDRVT14_MUXI2_U_0P5           3  1.1   15   +18     260 R 
    g66374/A1                                                                             +0     260   
    g66374/X                               SAEDRVT14_AOI21_0P75            1  0.3    7    +9     269 F 
    g66372/B                                                                              +0     269   
    g66372/X                               SAEDRVT14_OA21B_1               3  0.9    7    +8     276 R 
    g66370/A1                                                                             +0     276   
    g66370/X                               SAEDRVT14_AOI21_0P75            2  0.7    8    +8     285 F 
    g66368/A2                                                                             +0     285   
    g66368/X                               SAEDRVT14_NR2_MM_1              1  0.4    4    +7     292 R 
    g66366/B1                                                                             +0     292   
    g66366/X                               SAEDRVT14_OAI22_1               2  0.6    9    +9     301 F 
    g66365/A1                                                                             +0     301   
    g66365/X                               SAEDRVT14_NR2_MM_1              2  0.7    6    +8     309 R 
    g66362/A2                                                                             +0     309   
    g66362/X                               SAEDRVT14_OA31_1                1  0.6    5   +14     323 R 
    g66360/A2                                                                             +0     323   
    g66360/X                               SAEDRVT14_OAI21_1               8  3.1   19   +17     340 F 
    g66359/A                                                                              +0     340   
    g66359/X                               SAEDRVT14_INV_1                 7  2.7   12   +16     355 R 
    g66356/B1                                                                             +0     355   
    g66356/X                               SAEDRVT14_OAI22_1               3  0.8   12   +12     368 F 
    g66350/A1                                                                             +0     368   
    g66350/X                               SAEDRVT14_OA21_1                1  0.3    3   +13     381 F 
    g66348/B                                                                              +0     381   
    g66348/X                               SAEDRVT14_AO21_1                2  0.6    4   +11     392 F 
    g66347/A1                                                                             +0     392   
    g66347/X                               SAEDRVT14_AN2_1                 2  0.6    3    +7     399 F 
    g66345/A                                                                              +0     399   
    g66345/X                               SAEDRVT14_ND2B_U_0P5            1  0.5    7   +10     409 F 
    g66343/A2                                                                             +0     409   
    g66343/X                               SAEDRVT14_OAI21_0P5             1  0.2    7    +7     416 R 
    g66342/B                                                                              +0     416   
    g66342/X                               SAEDRVT14_OAI21_0P5             1  0.2    5    +7     423 F 
    g66341/B                                                                              +0     423   
    g66341/X                               SAEDRVT14_AOI21_0P75            1  0.3    6    +7     430 R 
    g66340/B                                                                              +0     430   
    g66340/X                               SAEDRVT14_OA21B_1               1  0.3    4    +5     435 F 
    g66339/B                                                                              +0     435   
    g66339/X                               SAEDRVT14_AO21_1                1  0.3    3   +10     446 F 
    g66338/A1                                                                             +0     446   
    g66338/X                               SAEDRVT14_AO21_1                7  2.8   10   +15     461 F 
    g66331/S                                                                              +0     461   
    g66331/X                               SAEDRVT14_MUXI2_U_0P5           3  1.1   13   +17     478 F 
    g66326/A1                                                                             +0     478   
    g66326/X                               SAEDRVT14_AOI21_0P75            1  0.3    7   +10     488 R 
    g66325/B                                                                              +0     488   
    g66325/X                               SAEDRVT14_OA21B_1               2  0.6    6    +7     494 F 
    g66322/A1                                                                             +0     494   
    g66322/X                               SAEDRVT14_NR2_MM_1              2  0.7    6    +7     501 R 
    g66319/A2                                                                             +0     501   
    g66319/X                               SAEDRVT14_OA31_1                1  0.3    4   +13     514 R 
    g66318/B                                                                              +0     514   
    g66318/X                               SAEDRVT14_OA21B_1               1  0.3    4    +4     519 F 
    g66317/B1                                                                             +0     519   
    g66317/X                               SAEDRVT14_OA221_U_0P5           8  3.4   20   +29     548 F 
    g66316/A                                                                              +0     548   
    g66316/X                               SAEDRVT14_INV_S_2               7  2.7    9   +11     559 R 
    g66315/A1                                                                             +0     559   
    g66315/X                               SAEDRVT14_OAI22_1               3  1.0   11   +11     570 F 
    g66308/A1                                                                             +0     570   
    g66308/X                               SAEDRVT14_OR2_1                 2  0.6    3   +12     582 F 
    g66301/A1                                                                             +0     582   
    g66301/X                               SAEDRVT14_AN3_0P75              1  0.2    2    +7     589 F 
    g66300/B                                                                              +0     589   
    g66300/X                               SAEDRVT14_AOI21_0P75            1  0.3    6    +6     594 R 
    g66298/B1                                                                             +0     594   
    g66298/X                               SAEDRVT14_OA221_U_0P5           1  0.3    5   +16     611 R 
    g66294/B                                                                              +0     611   
    g66294/X                               SAEDRVT14_OA31_1                6  2.3   11   +19     630 R 
    g66290/S                                                                              +0     630   
    g66290/X                               SAEDRVT14_MUXI2_U_0P5           3  0.9   13   +16     646 R 
    g66281/A1                                                                             +0     646   
    g66281/X                               SAEDRVT14_AOI21_0P75            1  0.3    6    +9     655 F 
    g66279/B                                                                              +0     655   
    g66279/X                               SAEDRVT14_OA21B_1               1  0.2    3    +4     659 R 
    g66278/B                                                                              +0     659   
    g66278/X                               SAEDRVT14_AOI21_0P75            2  0.6    8    +6     665 F 
    g66276/A1                                                                             +0     665   
    g66276/X                               SAEDRVT14_OA31_1                1  0.2    3   +14     679 F 
    g66275/B                                                                              +0     679   
    g66275/X                               SAEDRVT14_AOI21_0P75            2  0.6    8    +8     687 R 
    g66273/A1                                                                             +0     687   
    g66273/X                               SAEDRVT14_AO21_1                2  0.6    4   +13     700 R 
    g66271/A1                                                                             +0     700   
    g66271/X                               SAEDRVT14_AO32_U_0P5            1  0.3    5   +12     712 R 
    g66270/A1                                                                             +0     712   
    g66270/X                               SAEDRVT14_AO221_0P5             1  0.3    5   +17     730 R 
    g66269/A2                                                                             +0     730   
    g66269/X                               SAEDRVT14_ND2_CDC_0P5           4  1.9   10   +10     740 F 
    g66268/A                                                                              +0     740   
    g66268/X                               SAEDRVT14_INV_PS_2              8  3.2    8   +10     749 R 
    g66264/S                                                                              +0     749   
    g66264/X                               SAEDRVT14_MUXI2_1               9  9.9   32   +40     790 R 
    g66260/A                                                                              +0     790   
    g66260/X                               SAEDRVT14_INV_1                 7  2.9   15   +20     810 F 
    g66187/A1                                                                             +0     810   
    g66187/X                               SAEDRVT14_AOI21_0P75            1  0.5    7   +12     821 R 
    g66145/A1                                                                             +0     821   
    g66145/X                               SAEDRVT14_EO2_V1_0P75          18  5.7   56   +45     867 F 
    g66006/A                                                                              +0     867   
    g66006/X                               SAEDRVT14_INV_1                17  5.4   28   +37     904 R 
    g65940/B1                                                                             +0     904   
    g65940/X                               SAEDRVT14_OAI22_0P75            2  0.5   15   +16     920 F 
    g65704/D1                                                                             +0     920   
    g65704/X                               SAEDRVT14_MUXI2_U_0P5           3  1.2   18   +20     939 R 
    g65288/B2                                                                             +0     939   
    g65288/X                               SAEDRVT14_OAI22_1               2  1.6   15   +19     959 F 
    g40771/A                                                                              +0     959   
    g40771/X                               SAEDRVT14_INV_0P75              1  0.7    6    +9     968 R 
    inc_add_241_47_I5_g467/B                                                              +0     968   
    inc_add_241_47_I5_g467/CO              SAEDRVT14_ADDH_0P5              1  0.7    6   +11     979 R 
    inc_add_241_47_I5_g466/A                                                              +0     979   
    inc_add_241_47_I5_g466/CO              SAEDRVT14_ADDH_0P5              1  0.7    6   +10     989 R 
    inc_add_241_47_I5_g465/A                                                              +0     989   
    inc_add_241_47_I5_g465/S               SAEDRVT14_ADDH_0P5              1  0.3    4   +11    1000 R 
    g42370/A1                                                                             +0    1000   
    g42370/X                               SAEDRVT14_AO21B_0P5             1  1.3   11   +15    1015 R 
    csa_tree_add_257_42_groupi_g10654/B                                                   +0    1015   
    csa_tree_add_257_42_groupi_g10654/CO   SAEDRVT14_ADDF_V1_1             1  0.7    5   +20    1035 R 
    csa_tree_add_257_42_groupi_g10584/CI                                                  +0    1035   
    csa_tree_add_257_42_groupi_g10584/S    SAEDRVT14_ADDF_V1_1             1  1.3    6   +36    1071 F 
    csa_tree_add_257_42_groupi_g10524/A                                                   +0    1071   
    csa_tree_add_257_42_groupi_g10524/S    SAEDRVT14_ADDF_V1_1             1  0.7    5   +30    1101 R 
    csa_tree_add_257_42_groupi_g10478/CI                                                  +0    1101   
    csa_tree_add_257_42_groupi_g10478/S    SAEDRVT14_ADDF_V1_1             1  1.3    6   +36    1138 F 
    csa_tree_add_257_42_groupi_g10476/A                                                   +0    1138   
    csa_tree_add_257_42_groupi_g10476/CO   SAEDRVT14_ADDF_V1_1             1  0.7    5   +17    1154 F 
    csa_tree_add_257_42_groupi_g10475/CI                                                  +0    1154   
    csa_tree_add_257_42_groupi_g10475/CO   SAEDRVT14_ADDF_V1_1             1  0.7    5   +18    1172 F 
    csa_tree_add_257_42_groupi_g10474/CI                                                  +0    1172   
    csa_tree_add_257_42_groupi_g10474/CO   SAEDRVT14_ADDF_V1_1             1  0.7    5   +18    1189 F 
    csa_tree_add_257_42_groupi_g10473/CI                                                  +0    1189   
    csa_tree_add_257_42_groupi_g10473/CO   SAEDRVT14_ADDF_V1_1             1  0.7    5   +18    1207 F 
    csa_tree_add_257_42_groupi_g10472/CI                                                  +0    1207   
    csa_tree_add_257_42_groupi_g10472/CO   SAEDRVT14_ADDF_V1_1             1  0.7    5   +18    1224 F 
    csa_tree_add_257_42_groupi_g10471/CI                                                  +0    1224   
    csa_tree_add_257_42_groupi_g10471/CO   SAEDRVT14_ADDF_V1_1             1  0.7    5   +18    1242 F 
    csa_tree_add_257_42_groupi_g10470/CI                                                  +0    1242   
    csa_tree_add_257_42_groupi_g10470/CO   SAEDRVT14_ADDF_V1_1             1  0.7    5   +18    1259 F 
    csa_tree_add_257_42_groupi_g10469/CI                                                  +0    1259   
    csa_tree_add_257_42_groupi_g10469/CO   SAEDRVT14_ADDF_V1_1             1  0.7    5   +18    1277 F 
    csa_tree_add_257_42_groupi_g10468/CI                                                  +0    1277   
    csa_tree_add_257_42_groupi_g10468/CO   SAEDRVT14_ADDF_V1_1             1  0.7    5   +18    1294 F 
    csa_tree_add_257_42_groupi_g10467/CI                                                  +0    1294   
    csa_tree_add_257_42_groupi_g10467/CO   SAEDRVT14_ADDF_V1_1             1  0.7    5   +18    1312 F 
    csa_tree_add_257_42_groupi_g10466/CI                                                  +0    1312   
    csa_tree_add_257_42_groupi_g10466/CO   SAEDRVT14_ADDF_V1_1             1  0.7    5   +18    1329 F 
    csa_tree_add_257_42_groupi_g10465/CI                                                  +0    1329   
    csa_tree_add_257_42_groupi_g10465/CO   SAEDRVT14_ADDF_V1_1             1  0.7    5   +18    1347 F 
    csa_tree_add_257_42_groupi_g10464/CI                                                  +0    1347   
    csa_tree_add_257_42_groupi_g10464/CO   SAEDRVT14_ADDF_V1_1             1  0.7    5   +18    1364 F 
    csa_tree_add_257_42_groupi_g10463/CI                                                  +0    1364   
    csa_tree_add_257_42_groupi_g10463/CO   SAEDRVT14_ADDF_V1_1             1  0.7    5   +18    1382 F 
    csa_tree_add_257_42_groupi_g10462/CI                                                  +0    1382   
    csa_tree_add_257_42_groupi_g10462/CO   SAEDRVT14_ADDF_V1_1             1  0.7    5   +18    1399 F 
    csa_tree_add_257_42_groupi_g10461/CI                                                  +0    1399   
    csa_tree_add_257_42_groupi_g10461/CO   SAEDRVT14_ADDF_V1_1             1  0.7    5   +18    1417 F 
    csa_tree_add_257_42_groupi_g10460/CI                                                  +0    1417   
    csa_tree_add_257_42_groupi_g10460/CO   SAEDRVT14_ADDF_V1_1             1  0.7    5   +18    1434 F 
    csa_tree_add_257_42_groupi_g10459/CI                                                  +0    1434   
    csa_tree_add_257_42_groupi_g10459/CO   SAEDRVT14_ADDF_V1_1             1  0.7    5   +18    1452 F 
    csa_tree_add_257_42_groupi_g10458/CI                                                  +0    1452   
    csa_tree_add_257_42_groupi_g10458/CO   SAEDRVT14_ADDF_V1_1             1  0.7    5   +18    1469 F 
    csa_tree_add_257_42_groupi_g10457/CI                                                  +0    1469   
    csa_tree_add_257_42_groupi_g10457/CO   SAEDRVT14_ADDF_V1_1             1  0.7    5   +18    1487 F 
    csa_tree_add_257_42_groupi_g10456/CI                                                  +0    1487   
    csa_tree_add_257_42_groupi_g10456/CO   SAEDRVT14_ADDF_V1_1             1  0.7    5   +18    1504 F 
    csa_tree_add_257_42_groupi_g10455/CI                                                  +0    1504   
    csa_tree_add_257_42_groupi_g10455/CO   SAEDRVT14_ADDF_V1_1             2  0.8    5   +18    1522 F 
    csa_tree_add_257_42_groupi_g10453/A1                                                  +0    1522   
    csa_tree_add_257_42_groupi_g10453/X    SAEDRVT14_AOI21_0P75            1  0.7    8    +9    1532 R 
    csa_tree_add_257_42_groupi_g10452/CI                                                  +0    1532   
    csa_tree_add_257_42_groupi_g10452/CO   SAEDRVT14_ADDF_V1_2            30 12.0   23   +35    1566 R 
    g42276/S                                                                              +0    1566   
    g42276/X                               SAEDRVT14_MUX2_MM_0P5           3  1.0    7   +21    1587 F 
    g42251/A2                                                                             +0    1587   
    g42251/X                               SAEDRVT14_NR2_MM_1              2  0.6    5    +8    1595 R 
    g42243/A                                                                              +0    1595   
    g42243/X                               SAEDRVT14_NR3B_U_0P5            2  0.8    6   +20    1616 R 
    g42237/A1                                                                             +0    1616   
    g42237/X                               SAEDRVT14_ND2_CDC_0P5           2  0.7    5    +7    1623 F 
    g42233/A                                                                              +0    1623   
    g42233/X                               SAEDRVT14_ND2B_U_0P5            3  1.5   15   +17    1640 F 
    g42226/A2                                                                             +0    1640   
    g42226/X                               SAEDRVT14_NR2_MM_1              3  0.7    7   +11    1651 R 
    g42224/B                                                                              +0    1651   
    g42224/X                               SAEDRVT14_ND2B_U_0P5            3  1.0   11   +12    1663 F 
    g42219/B1                                                                             +0    1663   
    g42219/X                               SAEDRVT14_OAI33_1              28 10.3   44   +51    1714 R 
    sll_266_33_g1543/A                                                                    +0    1714   
    sll_266_33_g1543/X                     SAEDRVT14_INV_1                23  9.7   32   +42    1756 F 
    g67214/A                                                                              +0    1756   
    g67214/CO                              SAEDRVT14_ADDF_V1_1             1  0.7    5   +27    1782 F 
    g67182/CI                                                                             +0    1782   
    g67182/CO                              SAEDRVT14_ADDF_V1_1             1  0.7    5   +18    1800 F 
    g67157/CI                                                                             +0    1800   
    g67157/CO                              SAEDRVT14_ADDF_V1_1             1  0.7    5   +18    1817 F 
    g67137/CI                                                                             +0    1817   
    g67137/CO                              SAEDRVT14_ADDF_V1_1             1  0.7    5   +18    1835 F 
    g67114/CI                                                                             +0    1835   
    g67114/CO                              SAEDRVT14_ADDF_V2_1             1  0.7    4   +12    1847 F 
    g67087/CI                                                                             +0    1847   
    g67087/CO                              SAEDRVT14_ADDF_V1_1             1  0.5    4   +16    1864 F 
    g67073/A1                                                                             +0    1864   
    g67073/X                               SAEDRVT14_EO2_V1_0P75           2  0.4    7   +11    1874 F 
    g67052/B1                                                                             +0    1874   
    g67052/X                               SAEDRVT14_ND3B_0P75             1  0.3    2   +16    1890 R 
    g67004/A1                                                                             +0    1890   
    g67004/X                               SAEDRVT14_OR4_1                 1  0.3    3    +7    1897 R 
    g66987/A1                                                                             +0    1897   
    g66987/X                               SAEDRVT14_OR4_1                 2  1.0    5    +9    1907 R 
    g66978/A1                                                                             +0    1907   
    g66978/X                               SAEDRVT14_AN3_8                31 11.7    7   +16    1923 R 
    g66973/A                                                                              +0    1923   
    g66973/X                               SAEDRVT14_INV_PS_1              1  0.3    3    +4    1927 F 
    g66954/A1                                                                             +0    1927   
    g66954/X                               SAEDRVT14_OAI21_0P5             1  0.2    6    +4    1931 R 
    g66896/D1                                                                             +0    1931   
    g66896/X                               SAEDRVT14_MUX2_U_0P5            1  0.2    3   +11    1942 R 
    result_reg_reg[23]/RS                  SAEDRVT14_FDPCBQ_V2LP_0P5                      +0    1942   
    result_reg_reg[23]/CK                  setup                                    20    +8    1950 R 
- - - - - - - - - - - - - - - - - - - - - - - - - - - - - - - - - - - - - - - - - - - - - - - - - - - -
(clock clk)                                capture                                              2000 R 
                                           uncertainty                                   -50    1950 R 
-------------------------------------------------------------------------------------------------------
Cost Group   : 'clk' (path_group 'clk')
Timing slack :       0ps 
Start-point  : u_pe_array/gen_tile[797].u_tile/mul_prod_reg_reg[0][24]/CK
End-point    : u_pe_array/gen_tile[797].u_tile/result_reg_reg[23]/RS

path   3:

                  Pin                               Type              Fanout Load Slew Delay Arrival   
                                                                             (fF) (ps)  (ps)   (ps)    
-------------------------------------------------------------------------------------------------------
(clock clk)                                launch                                                  0 R 
u_pe_array
  gen_tile[590].u_tile
    mul_prod_reg_reg[0][28]/CK                                                      20             0 R 
    mul_prod_reg_reg[0][28]/Q              SAEDRVT14_FDP_V2_0P5            5  2.0   14   +33      33 R 
    g66483/A2                                                                             +0      33   
    g66483/X                               SAEDRVT14_NR2_MM_1              2  0.6    6    +9      42 F 
    g66468/B                                                                              +0      42   
    g66468/X                               SAEDRVT14_AOI21_0P75            1  0.4    6    +8      50 R 
    g66450/A1                                                                             +0      50   
    g66450/X                               SAEDRVT14_ND2_CDC_0P5           1  0.4    4    +6      56 F 
    g67815/A2                                                                             +0      56   
    g67815/X                               SAEDRVT14_OA21B_1               8  3.0   18   +22      78 F 
    g66411/S                                                                              +0      78   
    g66411/X                               SAEDRVT14_MUX2_MM_0P5           3  1.1    8   +21     100 R 
    g66404/A1                                                                             +0     100   
    g66404/X                               SAEDRVT14_AN2_MM_1              2  0.7    4   +10     110 R 
    g67813/A1                                                                             +0     110   
    g67813/X                               SAEDRVT14_OAI32_0P5             1  0.2    2   +18     128 F 
    g66389/B                                                                              +0     128   
    g66389/X                               SAEDRVT14_AOI21_0P75            1  0.3    6    +6     134 R 
    g66388/A1                                                                             +0     134   
    g66388/X                               SAEDRVT14_OAI21_0P5             1  0.7    8    +9     142 F 
    g66387/A1                                                                             +0     142   
    g66387/X                               SAEDRVT14_NR2_2                 8  3.4   11   +11     154 R 
    g66386/A                                                                              +0     154   
    g66386/X                               SAEDRVT14_INV_S_2               7  2.7    6    +8     162 F 
    g66385/B1                                                                             +0     162   
    g66385/X                               SAEDRVT14_OAI22_1               3  0.8   10   +10     172 R 
    g66376/A1                                                                             +0     172   
    g66376/X                               SAEDRVT14_OAI21_0P5             1  0.2    5    +7     179 F 
    g66374/B                                                                              +0     179   
    g66374/X                               SAEDRVT14_AO21B_0P5             2  0.6    6    +7     186 R 
    g66373/A1                                                                             +0     186   
    g66373/X                               SAEDRVT14_AN2_MM_1              2  0.8    4   +10     196 R 
    g66370/A2                                                                             +0     196   
    g66370/X                               SAEDRVT14_OAI31_0P75            1  0.2    2   +15     211 F 
    g66369/B                                                                              +0     211   
    g66369/X                               SAEDRVT14_OAI21_0P5             1  0.4    6    +5     215 R 
    g66368/A1                                                                             +0     215   
    g66368/X                               SAEDRVT14_OAI22_1               1  0.2    6    +7     222 F 
    g66367/B                                                                              +0     222   
    g66367/X                               SAEDRVT14_AO21B_0P5             1  0.3    4    +5     227 R 
    g66366/A1                                                                             +0     227   
    g66366/X                               SAEDRVT14_AO21_2                8  3.2    7   +16     243 R 
    g66360/S                                                                              +0     243   
    g66360/X                               SAEDRVT14_MUXI2_U_0P5           3  1.1   15   +17     260 R 
    g66356/A1                                                                             +0     260   
    g66356/X                               SAEDRVT14_AOI21_0P75            1  0.3    7    +9     269 F 
    g66354/B                                                                              +0     269   
    g66354/X                               SAEDRVT14_OA21B_1               3  0.9    7    +8     276 R 
    g66352/A1                                                                             +0     276   
    g66352/X                               SAEDRVT14_AOI21_0P75            2  0.7    8    +8     285 F 
    g66350/A2                                                                             +0     285   
    g66350/X                               SAEDRVT14_NR2_MM_1              1  0.4    4    +7     292 R 
    g66348/B1                                                                             +0     292   
    g66348/X                               SAEDRVT14_OAI22_1               2  0.6    9    +9     301 F 
    g66347/A1                                                                             +0     301   
    g66347/X                               SAEDRVT14_NR2_MM_1              2  0.7    6    +8     308 R 
    g66344/A2                                                                             +0     308   
    g66344/X                               SAEDRVT14_OA31_1                1  0.5    4   +14     323 R 
    g66342/A2                                                                             +0     323   
    g66342/X                               SAEDRVT14_OAI21_0P5             8  3.4   25   +22     344 F 
    g66341/A                                                                              +0     344   
    g66341/X                               SAEDRVT14_INV_S_2               7  2.7   10   +12     357 R 
    g66338/B1                                                                             +0     357   
    g66338/X                               SAEDRVT14_OAI22_1               3  0.8   12   +12     369 F 
    g66332/A1                                                                             +0     369   
    g66332/X                               SAEDRVT14_OA21_1                1  0.3    3   +14     382 F 
    g66330/B                                                                              +0     382   
    g66330/X                               SAEDRVT14_AO21_1                2  0.6    4   +11     393 F 
    g66329/A1                                                                             +0     393   
    g66329/X                               SAEDRVT14_AN2_1                 2  0.6    3    +7     400 F 
    g66327/A                                                                              +0     400   
    g66327/X                               SAEDRVT14_ND2B_U_0P5            1  0.5    7   +10     410 F 
    g66325/A2                                                                             +0     410   
    g66325/X                               SAEDRVT14_OAI21_0P5             1  0.2    7    +7     417 R 
    g66324/B                                                                              +0     417   
    g66324/X                               SAEDRVT14_OAI21_0P5             1  0.2    5    +7     424 F 
    g66323/B                                                                              +0     424   
    g66323/X                               SAEDRVT14_AOI21_0P75            1  0.3    6    +7     431 R 
    g66322/B                                                                              +0     431   
    g66322/X                               SAEDRVT14_OA21B_1               1  0.3    4    +5     436 F 
    g66321/B                                                                              +0     436   
    g66321/X                               SAEDRVT14_AO21_1                1  0.3    3   +10     447 F 
    g66320/A1                                                                             +0     447   
    g66320/X                               SAEDRVT14_AO21_1                7  2.8   10   +15     462 F 
    g66319/S                                                                              +0     462   
    g66319/X                               SAEDRVT14_MUXI2_U_0P5           3  1.1   13   +17     479 F 
    g66308/A1                                                                             +0     479   
    g66308/X                               SAEDRVT14_AOI21_0P75            1  0.3    7   +10     488 R 
    g66307/B                                                                              +0     488   
    g66307/X                               SAEDRVT14_OA21B_1               2  0.6    6    +7     496 F 
    g66302/A1                                                                             +0     496   
    g66302/X                               SAEDRVT14_AOI21_0P5             2  0.6    9    +9     504 R 
    g66300/A1                                                                             +0     504   
    g66300/X                               SAEDRVT14_OAI31_0P75            1  0.3    3   +16     520 F 
    g66299/A1                                                                             +0     520   
    g66299/X                               SAEDRVT14_AOI21_0P75            1  0.7    9    +8     529 R 
    g66298/A1                                                                             +0     529   
    g66298/X                               SAEDRVT14_NR2_2                 9  3.4    8   +10     538 F 
    g66297/A                                                                              +0     538   
    g66297/X                               SAEDRVT14_INV_1                 6  2.2    8   +10     548 R 
    g66290/A1                                                                             +0     548   
    g66290/X                               SAEDRVT14_OAI22_1               3  0.9   10   +11     559 F 
    g66283/A1                                                                             +0     559   
    g66283/X                               SAEDRVT14_OA21_1                1  0.3    3   +13     572 F 
    g66279/A1                                                                             +0     572   
    g66279/X                               SAEDRVT14_OA22_0P75             2  0.5    4   +10     581 F 
    g66277/A1                                                                             +0     581   
    g66277/X                               SAEDRVT14_OAI31_0P75            1  0.2    2   +14     595 R 
    g66276/B                                                                              +0     595   
    g66276/X                               SAEDRVT14_OAI21_0P75            1  0.3    5    +6     601 F 
    g66275/A1                                                                             +0     601   
    g66275/X                               SAEDRVT14_AO221_1               5  2.0   13   +27     628 F 
    g66274/A                                                                              +0     628   
    g66274/X                               SAEDRVT14_INV_1P5               4  1.6    8   +10     638 R 
    g66273/S                                                                              +0     638   
    g66273/X                               SAEDRVT14_MUXI2_U_0P5           3  0.9   13   +16     654 R 
    g66265/A1                                                                             +0     654   
    g66265/X                               SAEDRVT14_AOI21_0P75            1  0.3    6    +9     663 F 
    g66263/B                                                                              +0     663   
    g66263/X                               SAEDRVT14_OA21B_1               1  0.2    3    +4     667 R 
    g66262/B                                                                              +0     667   
    g66262/X                               SAEDRVT14_AOI21_0P75            2  0.6    8    +6     673 F 
    g66261/A1                                                                             +0     673   
    g66261/X                               SAEDRVT14_NR3_1                 1  0.4    2   +13     686 R 
    g66259/A1                                                                             +0     686   
    g66259/X                               SAEDRVT14_OAI22_1               2  0.6    9    +7     692 F 
    g66257/A1                                                                             +0     692   
    g66257/X                               SAEDRVT14_OA21B_1               2  0.5    5   +12     705 F 
    g67810/A1                                                                             +0     705   
    g67810/X                               SAEDRVT14_OAI31_2               1  0.3    2   +16     721 R 
    g66253/A1                                                                             +0     721   
    g66253/X                               SAEDRVT14_AO221_0P5             1  0.3    5   +16     737 R 
    g66252/A2                                                                             +0     737   
    g66252/X                               SAEDRVT14_ND2_CDC_0P5           4  1.6    9    +9     746 F 
    g66251/A                                                                              +0     746   
    g66251/X                               SAEDRVT14_INV_PS_1              7  2.8   12   +13     759 R 
    g66250/A1                                                                             +0     759   
    g66250/X                               SAEDRVT14_OAI22_1              12  5.4   36   +30     789 F 
    g67695/A                                                                              +0     789   
    g67695/X                               SAEDRVT14_INV_0P75             10  3.5   21   +28     817 R 
    g66233/A2                                                                             +0     817   
    g66233/X                               SAEDRVT14_ND2_CDC_0P5           2  1.1   10   +12     829 F 
    g66126/A2                                                                             +0     829   
    g66126/X                               SAEDRVT14_AOI21_0P75            1  0.7    9   +12     841 R 
    g65798/CI                                                                             +0     841   
    g65798/CO                              SAEDRVT14_ADDF_V1_1             1  0.7    5   +18     860 R 
    g65639/CI                                                                             +0     860   
    g65639/CO                              SAEDRVT14_ADDF_V1_1             2  0.8    6   +17     877 R 
    g65586/A1                                                                             +0     877   
    g65586/X                               SAEDRVT14_AO221_1               1  0.3    5   +16     893 R 
    g65577/C                                                                              +0     893   
    g65577/X                               SAEDRVT14_OA221_U_0P5           3  0.9    8   +18     911 R 
    g65554/B                                                                              +0     911   
    g65554/X                               SAEDRVT14_ND2B_U_0P5            8  2.5   25   +23     934 F 
    g65493/A1                                                                             +0     934   
    g65493/X                               SAEDRVT14_NR2_MM_1              3  1.0   11   +13     947 R 
    g65449/A                                                                              +0     947   
    g65449/X                               SAEDRVT14_INV_1                 7  2.1    8   +10     957 F 
    g65428/A1                                                                             +0     957   
    g65428/X                               SAEDRVT14_NR2_MM_1              7  2.4   16   +14     972 R 
    g65173/B                                                                              +0     972   
    g65173/X                               SAEDRVT14_ND2B_U_0P5            1  0.3    6   +10     981 F 
    g65147/C                                                                              +0     981   
    g65147/X                               SAEDRVT14_OA221_U_0P5           2  1.0    8   +15     996 F 
    inc_add_241_47_I5_g467/A                                                              +0     996   
    inc_add_241_47_I5_g467/CO              SAEDRVT14_ADDH_0P5              1  0.7    4    +9    1005 F 
    inc_add_241_47_I5_g466/A                                                              +0    1005   
    inc_add_241_47_I5_g466/S               SAEDRVT14_ADDH_0P5              1  0.3    4   +11    1017 R 
    g42371/A1                                                                             +0    1017   
    g42371/X                               SAEDRVT14_AO21_1                1  1.3    7   +13    1030 R 
    csa_tree_add_257_42_groupi_g10601/A                                                   +0    1030   
    csa_tree_add_257_42_groupi_g10601/S    SAEDRVT14_ADDF_V1_1             1  0.7    5   +31    1060 F 
    csa_tree_add_257_42_groupi_g10561/CI                                                  +0    1060   
    csa_tree_add_257_42_groupi_g10561/CO   SAEDRVT14_ADDF_V1_1             1  0.7    5   +17    1078 F 
    csa_tree_add_257_42_groupi_g10505/CI                                                  +0    1078   
    csa_tree_add_257_42_groupi_g10505/S    SAEDRVT14_ADDF_V1_1             1  0.7    5   +32    1110 R 
    csa_tree_add_257_42_groupi_g10480/CI                                                  +0    1110   
    csa_tree_add_257_42_groupi_g10480/S    SAEDRVT14_ADDF_V1_1             1  1.3    6   +36    1146 F 
    csa_tree_add_257_42_groupi_g10477/A                                                   +0    1146   
    csa_tree_add_257_42_groupi_g10477/CO   SAEDRVT14_ADDF_V1_1             1  0.7    5   +17    1163 F 
    csa_tree_add_257_42_groupi_g10476/CI                                                  +0    1163   
    csa_tree_add_257_42_groupi_g10476/CO   SAEDRVT14_ADDF_V1_1             1  0.7    5   +18    1181 F 
    csa_tree_add_257_42_groupi_g10475/CI                                                  +0    1181   
    csa_tree_add_257_42_groupi_g10475/CO   SAEDRVT14_ADDF_V1_1             1  0.7    5   +18    1198 F 
    csa_tree_add_257_42_groupi_g10474/CI                                                  +0    1198   
    csa_tree_add_257_42_groupi_g10474/CO   SAEDRVT14_ADDF_V1_1             1  0.7    5   +18    1216 F 
    csa_tree_add_257_42_groupi_g10473/CI                                                  +0    1216   
    csa_tree_add_257_42_groupi_g10473/CO   SAEDRVT14_ADDF_V1_1             1  0.7    5   +18    1233 F 
    csa_tree_add_257_42_groupi_g10472/CI                                                  +0    1233   
    csa_tree_add_257_42_groupi_g10472/CO   SAEDRVT14_ADDF_V1_1             1  0.7    5   +18    1251 F 
    csa_tree_add_257_42_groupi_g10471/CI                                                  +0    1251   
    csa_tree_add_257_42_groupi_g10471/CO   SAEDRVT14_ADDF_V1_1             1  0.7    5   +18    1268 F 
    csa_tree_add_257_42_groupi_g10470/CI                                                  +0    1268   
    csa_tree_add_257_42_groupi_g10470/CO   SAEDRVT14_ADDF_V1_1             1  0.7    5   +18    1286 F 
    csa_tree_add_257_42_groupi_g10469/CI                                                  +0    1286   
    csa_tree_add_257_42_groupi_g10469/CO   SAEDRVT14_ADDF_V1_1             1  0.7    5   +18    1303 F 
    csa_tree_add_257_42_groupi_g10468/CI                                                  +0    1303   
    csa_tree_add_257_42_groupi_g10468/CO   SAEDRVT14_ADDF_V1_1             1  0.7    5   +18    1321 F 
    csa_tree_add_257_42_groupi_g10467/CI                                                  +0    1321   
    csa_tree_add_257_42_groupi_g10467/CO   SAEDRVT14_ADDF_V1_1             1  0.7    5   +18    1338 F 
    csa_tree_add_257_42_groupi_g10466/CI                                                  +0    1338   
    csa_tree_add_257_42_groupi_g10466/CO   SAEDRVT14_ADDF_V1_1             1  0.7    5   +18    1356 F 
    csa_tree_add_257_42_groupi_g10465/CI                                                  +0    1356   
    csa_tree_add_257_42_groupi_g10465/CO   SAEDRVT14_ADDF_V1_1             1  0.7    5   +18    1373 F 
    csa_tree_add_257_42_groupi_g10464/CI                                                  +0    1373   
    csa_tree_add_257_42_groupi_g10464/CO   SAEDRVT14_ADDF_V1_1             1  0.7    5   +18    1391 F 
    csa_tree_add_257_42_groupi_g10463/CI                                                  +0    1391   
    csa_tree_add_257_42_groupi_g10463/CO   SAEDRVT14_ADDF_V1_1             1  0.7    5   +18    1408 F 
    csa_tree_add_257_42_groupi_g10462/CI                                                  +0    1408   
    csa_tree_add_257_42_groupi_g10462/CO   SAEDRVT14_ADDF_V1_1             1  0.7    5   +18    1426 F 
    csa_tree_add_257_42_groupi_g10461/CI                                                  +0    1426   
    csa_tree_add_257_42_groupi_g10461/CO   SAEDRVT14_ADDF_V1_1             1  0.7    5   +18    1443 F 
    csa_tree_add_257_42_groupi_g10460/CI                                                  +0    1443   
    csa_tree_add_257_42_groupi_g10460/CO   SAEDRVT14_ADDF_V1_1             1  0.7    5   +18    1461 F 
    csa_tree_add_257_42_groupi_g10459/CI                                                  +0    1461   
    csa_tree_add_257_42_groupi_g10459/CO   SAEDRVT14_ADDF_V1_1             1  0.7    5   +18    1478 F 
    csa_tree_add_257_42_groupi_g10458/CI                                                  +0    1478   
    csa_tree_add_257_42_groupi_g10458/CO   SAEDRVT14_ADDF_V1_1             1  0.7    5   +18    1496 F 
    csa_tree_add_257_42_groupi_g10457/CI                                                  +0    1496   
    csa_tree_add_257_42_groupi_g10457/CO   SAEDRVT14_ADDF_V1_1             1  0.7    5   +18    1513 F 
    csa_tree_add_257_42_groupi_g10456/CI                                                  +0    1513   
    csa_tree_add_257_42_groupi_g10456/CO   SAEDRVT14_ADDF_V1_1             1  0.7    5   +18    1531 F 
    csa_tree_add_257_42_groupi_g10455/CI                                                  +0    1531   
    csa_tree_add_257_42_groupi_g10455/CO   SAEDRVT14_ADDF_V1_1             2  0.8    5   +18    1548 F 
    csa_tree_add_257_42_groupi_g10453/A1                                                  +0    1548   
    csa_tree_add_257_42_groupi_g10453/X    SAEDRVT14_AOI21_0P75            1  0.7    8    +9    1558 R 
    csa_tree_add_257_42_groupi_g10452/CI                                                  +0    1558   
    csa_tree_add_257_42_groupi_g10452/CO   SAEDRVT14_ADDF_V1_2            30 12.0   23   +35    1592 R 
    g42275/S                                                                              +0    1592   
    g42275/X                               SAEDRVT14_MUX2_MM_0P5           3  1.0    7   +21    1614 F 
    g42250/A2                                                                             +0    1614   
    g42250/X                               SAEDRVT14_NR2_MM_1              2  0.6    5    +8    1622 R 
    g42242/A                                                                              +0    1622   
    g42242/X                               SAEDRVT14_NR3B_U_0P5            2  0.8    6   +20    1642 R 
    g42236/A1                                                                             +0    1642   
    g42236/X                               SAEDRVT14_ND2_CDC_0P5           2  0.7    5    +7    1649 F 
    g42232/A                                                                              +0    1649   
    g42232/X                               SAEDRVT14_ND2B_U_0P5            3  1.5   15   +17    1666 F 
    g42225/A2                                                                             +0    1666   
    g42225/X                               SAEDRVT14_NR2_MM_1              3  0.7    7   +11    1677 R 
    g42223/B                                                                              +0    1677   
    g42223/X                               SAEDRVT14_ND2B_U_0P5            3  1.0   11   +12    1689 F 
    g42218/B1                                                                             +0    1689   
    g42218/X                               SAEDRVT14_OAI33_1              29 10.7   46   +52    1741 R 
    g67693/A                                                                              +0    1741   
    g67693/X                               SAEDRVT14_INV_1P5               1  1.3   12   +16    1757 F 
    g67180/A                                                                              +0    1757   
    g67180/CO                              SAEDRVT14_ADDF_V1_1             1  0.7    5   +19    1777 F 
    g67146/CI                                                                             +0    1777   
    g67146/CO                              SAEDRVT14_ADDF_V1_1             1  0.7    5   +18    1794 F 
    g67123/CI                                                                             +0    1794   
    g67123/CO                              SAEDRVT14_ADDF_V1_1             1  0.7    5   +18    1812 F 
    g67102/CI                                                                             +0    1812   
    g67102/CO                              SAEDRVT14_ADDF_V1_1             1  0.7    5   +18    1829 F 
    g67072/CI                                                                             +0    1829   
    g67072/CO                              SAEDRVT14_ADDF_V1_1             1  0.7    5   +18    1847 F 
    g67052/CI                                                                             +0    1847   
    g67052/CO                              SAEDRVT14_ADDF_V1_1             1  0.5    4   +17    1863 F 
    g67038/A1                                                                             +0    1863   
    g67038/X                               SAEDRVT14_EO2_V1_0P75           2  0.4    7   +11    1874 F 
    g67017/B1                                                                             +0    1874   
    g67017/X                               SAEDRVT14_ND3B_0P75             1  0.3    2   +16    1890 R 
    g66969/A1                                                                             +0    1890   
    g66969/X                               SAEDRVT14_OR4_1                 1  0.3    3    +7    1897 R 
    g66952/A1                                                                             +0    1897   
    g66952/X                               SAEDRVT14_OR4_1                 2  1.0    5    +9    1906 R 
    g66943/A1                                                                             +0    1906   
    g66943/X                               SAEDRVT14_AN3_8                31 11.7    7   +16    1923 R 
    g66938/A                                                                              +0    1923   
    g66938/X                               SAEDRVT14_INV_PS_1              1  0.3    3    +4    1927 F 
    g66919/A1                                                                             +0    1927   
    g66919/X                               SAEDRVT14_OAI21_0P5             1  0.2    6    +4    1931 R 
    g66861/D1                                                                             +0    1931   
    g66861/X                               SAEDRVT14_MUX2_U_0P5            1  0.2    3   +11    1942 R 
    result_reg_reg[23]/RS                  SAEDRVT14_FDPCBQ_V2LP_0P5                      +0    1942   
    result_reg_reg[23]/CK                  setup                                    20    +8    1950 R 
- - - - - - - - - - - - - - - - - - - - - - - - - - - - - - - - - - - - - - - - - - - - - - - - - - - -
(clock clk)                                capture                                              2000 R 
                                           uncertainty                                   -50    1950 R 
-------------------------------------------------------------------------------------------------------
Cost Group   : 'clk' (path_group 'clk')
Timing slack :       0ps 
Start-point  : u_pe_array/gen_tile[590].u_tile/mul_prod_reg_reg[0][28]/CK
End-point    : u_pe_array/gen_tile[590].u_tile/result_reg_reg[23]/RS

path   4:

                  Pin                               Type              Fanout Load Slew Delay Arrival   
                                                                             (fF) (ps)  (ps)   (ps)    
-------------------------------------------------------------------------------------------------------
(clock clk)                                launch                                                  0 R 
u_pe_array
  gen_tile[362].u_tile
    mul_prod_reg_reg[1][23]/CK                                                      20             0 R 
    mul_prod_reg_reg[1][23]/Q              SAEDRVT14_FDP_V2LP_1            7  2.8    9   +35      35 F 
    g66237/A2                                                                             +0      35   
    g66237/X                               SAEDRVT14_AOI21_0P5             1  0.3    7   +10      45 R 
    g67598/A1                                                                             +0      45   
    g67598/X                               SAEDRVT14_OA22_0P75             1  0.3    3   +11      56 R 
    g67597/A1                                                                             +0      56   
    g67597/X                               SAEDRVT14_OA22_0P75             1  0.3    3   +10      66 R 
    g67596/A1                                                                             +0      66   
    g67596/X                               SAEDRVT14_OA21B_1               1  0.7    5   +11      76 R 
    g66188/A1                                                                             +0      76   
    g66188/X                               SAEDRVT14_NR2_2                 8  3.0    8    +8      84 F 
    g66172/S                                                                              +0      84   
    g66172/X                               SAEDRVT14_MUX2_MM_0P5           3  1.1    8   +18     102 R 
    g66169/A1                                                                             +0     102   
    g66169/X                               SAEDRVT14_AN2_MM_1              2  0.7    4   +10     112 R 
    g67592/A1                                                                             +0     112   
    g67592/X                               SAEDRVT14_OAI32_0P5             1  0.2    2   +18     131 F 
    g66154/B                                                                              +0     131   
    g66154/X                               SAEDRVT14_AOI21_0P75            1  0.3    6    +6     136 R 
    g66153/A1                                                                             +0     136   
    g66153/X                               SAEDRVT14_OAI21_0P5             1  0.7    8    +8     145 F 
    g66152/A1                                                                             +0     145   
    g66152/X                               SAEDRVT14_NR2_MM_2              8  3.4   11   +12     157 R 
    g66151/A                                                                              +0     157   
    g66151/X                               SAEDRVT14_INV_S_2               7  2.7    6    +8     165 F 
    g66150/B1                                                                             +0     165   
    g66150/X                               SAEDRVT14_OAI22_1               3  0.8   10   +10     175 R 
    g66141/A1                                                                             +0     175   
    g66141/X                               SAEDRVT14_OAI21_0P5             1  0.2    5    +7     182 F 
    g66139/B                                                                              +0     182   
    g66139/X                               SAEDRVT14_AO21B_0P5             2  0.6    6    +7     189 R 
    g66138/A1                                                                             +0     189   
    g66138/X                               SAEDRVT14_AN2_MM_1              2  0.8    4   +10     199 R 
    g66135/A2                                                                             +0     199   
    g66135/X                               SAEDRVT14_OAI31_0P75            1  0.2    2   +15     214 F 
    g66134/B                                                                              +0     214   
    g66134/X                               SAEDRVT14_OAI21_0P5             1  0.4    6    +5     218 R 
    g66133/A1                                                                             +0     218   
    g66133/X                               SAEDRVT14_OAI22_1               1  0.2    6    +7     225 F 
    g66132/B                                                                              +0     225   
    g66132/X                               SAEDRVT14_AO21B_0P5             1  0.3    4    +5     230 R 
    g66131/A1                                                                             +0     230   
    g66131/X                               SAEDRVT14_AO21_1                8  3.2   12   +18     248 R 
    g66125/S                                                                              +0     248   
    g66125/X                               SAEDRVT14_MUXI2_U_0P5           3  1.1   15   +18     267 R 
    g66121/A1                                                                             +0     267   
    g66121/X                               SAEDRVT14_AOI21_0P75            1  0.3    7    +9     276 F 
    g66119/B                                                                              +0     276   
    g66119/X                               SAEDRVT14_OA21B_1               3  0.9    7    +8     284 R 
    g66117/A1                                                                             +0     284   
    g66117/X                               SAEDRVT14_AOI21_0P75            2  0.7    8    +8     292 F 
    g66115/A2                                                                             +0     292   
    g66115/X                               SAEDRVT14_NR2_MM_1              1  0.4    4    +7     299 R 
    g66113/B1                                                                             +0     299   
    g66113/X                               SAEDRVT14_OAI22_1               2  0.6    9    +9     308 F 
    g66111/A1                                                                             +0     308   
    g66111/X                               SAEDRVT14_AOI21_0P5             2  0.6    8   +10     318 R 
    g66110/A1                                                                             +0     318   
    g66110/X                               SAEDRVT14_OA21_1                1  0.4    3   +11     329 R 
    g67590/A2                                                                             +0     329   
    g67590/X                               SAEDRVT14_OAI31_2               7  3.1    7   +19     348 F 
    g66106/A                                                                              +0     348   
    g66106/X                               SAEDRVT14_INV_S_2               8  3.2    6    +8     356 R 
    g66103/B1                                                                             +0     356   
    g66103/X                               SAEDRVT14_OAI22_1               3  0.9   10   +11     367 F 
    g66097/A1                                                                             +0     367   
    g66097/X                               SAEDRVT14_OA21_1                1  0.3    3   +13     380 F 
    g66094/B                                                                              +0     380   
    g66094/X                               SAEDRVT14_AO21_1                2  0.6    4   +11     391 F 
    g66092/A1                                                                             +0     391   
    g66092/X                               SAEDRVT14_OA21B_1               2  0.8    7   +12     402 F 
    g67589/A3                                                                             +0     402   
    g67589/X                               SAEDRVT14_NR3_1                 1  0.4    2   +16     418 R 
    g66088/B1                                                                             +0     418   
    g66088/X                               SAEDRVT14_OAI22_1               1  0.2    7    +6     424 F 
    g66087/B                                                                              +0     424   
    g66087/X                               SAEDRVT14_AOI21_0P75            1  0.3    6    +8     432 R 
    g66086/B                                                                              +0     432   
    g66086/X                               SAEDRVT14_OA21B_1               1  0.2    4    +5     437 F 
    g66085/B                                                                              +0     437   
    g66085/X                               SAEDRVT14_AOI21_0P75            1  0.3    6    +6     443 R 
    g66084/A1                                                                             +0     443   
    g66084/X                               SAEDRVT14_OA21_1                6  2.3    9   +15     458 R 
    g66076/S                                                                              +0     458   
    g66076/X                               SAEDRVT14_MUXI2_U_0P5           3  1.1   15   +17     475 R 
    g66070/A1                                                                             +0     475   
    g66070/X                               SAEDRVT14_AOI21_0P75            1  0.3    7    +9     484 F 
    g66069/B                                                                              +0     484   
    g66069/X                               SAEDRVT14_OA21B_1               3  0.9    7    +8     492 R 
    g66065/A1                                                                             +0     492   
    g66065/X                               SAEDRVT14_AOI21_0P5             2  0.8    9    +9     501 F 
    g66062/A1                                                                             +0     501   
    g66062/X                               SAEDRVT14_OAI21_0P5             1  0.4    7    +8     508 R 
    g66060/A2                                                                             +0     508   
    g66060/X                               SAEDRVT14_AOI21_0P75            1  0.7    7    +9     518 F 
    g66059/A1                                                                             +0     518   
    g66059/X                               SAEDRVT14_NR2_2                 8  3.3   11   +11     529 R 
    g66058/A                                                                              +0     529   
    g66058/X                               SAEDRVT14_INV_2                 7  2.6    6    +8     536 F 
    g66055/A1                                                                             +0     536   
    g66055/X                               SAEDRVT14_OAI22_1               2  0.6    9    +7     544 R 
    g66041/B                                                                              +0     544   
    g66041/X                               SAEDRVT14_OA21_1                1  0.4    3   +13     557 R 
    g66037/A1                                                                             +0     557   
    g66037/X                               SAEDRVT14_OAI22_1               2  0.6    8    +7     564 F 
    g66035/A1                                                                             +0     564   
    g66035/X                               SAEDRVT14_AOI21_0P5             1  0.4    7    +9     573 R 
    g66033/A2                                                                             +0     573   
    g66033/X                               SAEDRVT14_NR2_MM_1              1  0.3    3    +6     578 F 
    g66032/A1                                                                             +0     578   
    g66032/X                               SAEDRVT14_OAI31_1               8  2.9   13   +23     601 R 
    g66028/S                                                                              +0     601   
    g66028/X                               SAEDRVT14_MUXI2_U_0P5           3  0.9   13   +17     619 R 
    g66019/A1                                                                             +0     619   
    g66019/X                               SAEDRVT14_AOI21_0P75            1  0.3    6    +9     627 F 
    g66017/B                                                                              +0     627   
    g66017/X                               SAEDRVT14_OA21B_1               1  0.2    3    +4     632 R 
    g66016/B                                                                              +0     632   
    g66016/X                               SAEDRVT14_AOI21_0P75            2  0.6    8    +6     637 F 
    g66015/A1                                                                             +0     637   
    g66015/X                               SAEDRVT14_NR3_1                 1  0.4    2   +13     650 R 
    g66013/A1                                                                             +0     650   
    g66013/X                               SAEDRVT14_OAI22_1               2  0.6    9    +7     657 F 
    g66012/A2                                                                             +0     657   
    g66012/X                               SAEDRVT14_ND2_CDC_0P5           2  0.7    6    +7     664 R 
    g66009/A2                                                                             +0     664   
    g66009/X                               SAEDRVT14_AO32_U_0P5            1  0.3    5   +15     680 R 
    g66008/A1                                                                             +0     680   
    g66008/X                               SAEDRVT14_AO221_0P5             1  0.3    5   +17     697 R 
    g66007/A2                                                                             +0     697   
    g66007/X                               SAEDRVT14_ND2_CDC_0P5           4  1.9   10   +10     707 F 
    g66006/A                                                                              +0     707   
    g66006/X                               SAEDRVT14_INV_PS_2              8  3.2    8   +10     717 R 
    g66005/A1                                                                             +0     717   
    g66005/X                               SAEDRVT14_OAI22_1              12  5.6   37   +30     746 F 
    g66001/A                                                                              +0     746   
    g66001/X                               SAEDRVT14_INV_1                10  3.2   18   +24     770 R 
    g65990/A2                                                                             +0     770   
    g65990/X                               SAEDRVT14_ND2_CDC_0P5           2  1.1    9   +12     782 F 
    g65880/A2                                                                             +0     782   
    g65880/X                               SAEDRVT14_AOI21_0P75            1  0.7    9   +12     793 R 
    g65543/CI                                                                             +0     793   
    g65543/CO                              SAEDRVT14_ADDF_V1_1             1  0.7    5   +18     812 R 
    g65385/CI                                                                             +0     812   
    g65385/CO                              SAEDRVT14_ADDF_V1_1             2  0.8    6   +17     829 R 
    g65340/A1                                                                             +0     829   
    g65340/X                               SAEDRVT14_AO21B_0P5             1  0.3    4   +11     840 R 
    g65333/C                                                                              +0     840   
    g65333/X                               SAEDRVT14_OA221_U_0P5           3  0.9    8   +18     858 R 
    g65308/B                                                                              +0     858   
    g65308/X                               SAEDRVT14_ND2B_U_0P5            8  2.5   25   +23     880 F 
    g65239/A1                                                                             +0     880   
    g65239/X                               SAEDRVT14_NR2_MM_1              3  1.0   11   +13     894 R 
    g65196/A                                                                              +0     894   
    g65196/X                               SAEDRVT14_INV_1                 7  2.1    8   +10     904 F 
    g65180/A1                                                                             +0     904   
    g65180/X                               SAEDRVT14_NR2_MM_1              7  2.2   15   +14     917 R 
    g64925/B                                                                              +0     917   
    g64925/X                               SAEDRVT14_ND2B_U_0P5            1  0.3    6   +10     927 F 
    g64859/C                                                                              +0     927   
    g64859/X                               SAEDRVT14_OA221_U_0P5           2  1.0    8   +15     941 F 
    inc_add_241_47_I6_g467/A                                                              +0     941   
    inc_add_241_47_I6_g467/CO              SAEDRVT14_ADDH_0P5              1  0.7    4    +9     951 F 
    inc_add_241_47_I6_g466/A                                                              +0     951   
    inc_add_241_47_I6_g466/S               SAEDRVT14_ADDH_0P5              1  0.3    4   +11     962 R 
    g42395/A1                                                                             +0     962   
    g42395/X                               SAEDRVT14_AO21_1                1  0.7    5   +12     974 R 
    csa_tree_add_257_42_groupi_g10601/CI                                                  +0     974   
    csa_tree_add_257_42_groupi_g10601/S    SAEDRVT14_ADDF_V1_1             1  0.7    5   +35    1008 F 
    csa_tree_add_257_42_groupi_g10561/CI                                                  +0    1008   
    csa_tree_add_257_42_groupi_g10561/CO   SAEDRVT14_ADDF_V1_1             1  0.7    5   +17    1026 F 
    csa_tree_add_257_42_groupi_g10505/CI                                                  +0    1026   
    csa_tree_add_257_42_groupi_g10505/S    SAEDRVT14_ADDF_V1_1             1  0.7    5   +32    1058 R 
    csa_tree_add_257_42_groupi_g10480/CI                                                  +0    1058   
    csa_tree_add_257_42_groupi_g10480/S    SAEDRVT14_ADDF_V1_1             1  1.3    6   +36    1094 F 
    csa_tree_add_257_42_groupi_g10477/A                                                   +0    1094   
    csa_tree_add_257_42_groupi_g10477/CO   SAEDRVT14_ADDF_V1_1             1  0.7    5   +17    1111 F 
    csa_tree_add_257_42_groupi_g10476/CI                                                  +0    1111   
    csa_tree_add_257_42_groupi_g10476/CO   SAEDRVT14_ADDF_V1_1             1  0.7    5   +18    1128 F 
    csa_tree_add_257_42_groupi_g10475/CI                                                  +0    1128   
    csa_tree_add_257_42_groupi_g10475/CO   SAEDRVT14_ADDF_V1_1             1  0.7    5   +18    1146 F 
    csa_tree_add_257_42_groupi_g10474/CI                                                  +0    1146   
    csa_tree_add_257_42_groupi_g10474/CO   SAEDRVT14_ADDF_V1_1             1  0.7    5   +18    1163 F 
    csa_tree_add_257_42_groupi_g10473/CI                                                  +0    1163   
    csa_tree_add_257_42_groupi_g10473/CO   SAEDRVT14_ADDF_V1_1             1  0.7    5   +18    1181 F 
    csa_tree_add_257_42_groupi_g10472/CI                                                  +0    1181   
    csa_tree_add_257_42_groupi_g10472/CO   SAEDRVT14_ADDF_V1_1             1  0.7    5   +18    1198 F 
    csa_tree_add_257_42_groupi_g10471/CI                                                  +0    1198   
    csa_tree_add_257_42_groupi_g10471/CO   SAEDRVT14_ADDF_V1_1             1  0.7    5   +18    1216 F 
    csa_tree_add_257_42_groupi_g10470/CI                                                  +0    1216   
    csa_tree_add_257_42_groupi_g10470/CO   SAEDRVT14_ADDF_V1_1             1  0.7    5   +18    1233 F 
    csa_tree_add_257_42_groupi_g10469/CI                                                  +0    1233   
    csa_tree_add_257_42_groupi_g10469/CO   SAEDRVT14_ADDF_V1_1             1  0.7    5   +18    1251 F 
    csa_tree_add_257_42_groupi_g10468/CI                                                  +0    1251   
    csa_tree_add_257_42_groupi_g10468/CO   SAEDRVT14_ADDF_V1_1             1  0.7    5   +18    1268 F 
    csa_tree_add_257_42_groupi_g10467/CI                                                  +0    1268   
    csa_tree_add_257_42_groupi_g10467/CO   SAEDRVT14_ADDF_V1_1             1  0.7    5   +18    1286 F 
    csa_tree_add_257_42_groupi_g10466/CI                                                  +0    1286   
    csa_tree_add_257_42_groupi_g10466/CO   SAEDRVT14_ADDF_V1_1             1  0.7    5   +18    1303 F 
    csa_tree_add_257_42_groupi_g10465/CI                                                  +0    1303   
    csa_tree_add_257_42_groupi_g10465/CO   SAEDRVT14_ADDF_V1_1             1  0.7    5   +18    1321 F 
    csa_tree_add_257_42_groupi_g10464/CI                                                  +0    1321   
    csa_tree_add_257_42_groupi_g10464/CO   SAEDRVT14_ADDF_V1_1             1  0.7    5   +18    1338 F 
    csa_tree_add_257_42_groupi_g10463/CI                                                  +0    1338   
    csa_tree_add_257_42_groupi_g10463/CO   SAEDRVT14_ADDF_V1_1             1  0.7    5   +18    1356 F 
    csa_tree_add_257_42_groupi_g10462/CI                                                  +0    1356   
    csa_tree_add_257_42_groupi_g10462/CO   SAEDRVT14_ADDF_V1_1             1  0.7    5   +18    1373 F 
    csa_tree_add_257_42_groupi_g10461/CI                                                  +0    1373   
    csa_tree_add_257_42_groupi_g10461/CO   SAEDRVT14_ADDF_V1_1             1  0.7    5   +18    1391 F 
    csa_tree_add_257_42_groupi_g10460/CI                                                  +0    1391   
    csa_tree_add_257_42_groupi_g10460/CO   SAEDRVT14_ADDF_V1_1             1  0.7    5   +18    1408 F 
    csa_tree_add_257_42_groupi_g10459/CI                                                  +0    1408   
    csa_tree_add_257_42_groupi_g10459/CO   SAEDRVT14_ADDF_V1_1             1  0.7    5   +18    1426 F 
    csa_tree_add_257_42_groupi_g10458/CI                                                  +0    1426   
    csa_tree_add_257_42_groupi_g10458/CO   SAEDRVT14_ADDF_V1_1             1  0.7    5   +18    1443 F 
    csa_tree_add_257_42_groupi_g10457/CI                                                  +0    1443   
    csa_tree_add_257_42_groupi_g10457/CO   SAEDRVT14_ADDF_V1_1             1  0.7    5   +18    1461 F 
    csa_tree_add_257_42_groupi_g10456/CI                                                  +0    1461   
    csa_tree_add_257_42_groupi_g10456/CO   SAEDRVT14_ADDF_V1_1             1  0.7    5   +18    1478 F 
    csa_tree_add_257_42_groupi_g10455/CI                                                  +0    1478   
    csa_tree_add_257_42_groupi_g10455/CO   SAEDRVT14_ADDF_V2_1             2  0.8    4   +13    1491 F 
    csa_tree_add_257_42_groupi_g10453/A1                                                  +0    1491   
    csa_tree_add_257_42_groupi_g10453/X    SAEDRVT14_AOI21_0P5             1  0.7    9    +8    1500 R 
    csa_tree_add_257_42_groupi_g10452/CI                                                  +0    1500   
    csa_tree_add_257_42_groupi_g10452/CO   SAEDRVT14_ADDF_V1_2            30 12.0   23   +35    1534 R 
    g42276/S                                                                              +0    1534   
    g42276/X                               SAEDRVT14_MUX2_MM_0P5           3  1.0    7   +21    1556 F 
    g42251/A2                                                                             +0    1556   
    g42251/X                               SAEDRVT14_NR2_MM_1              2  0.6    5    +8    1564 R 
    g42243/A                                                                              +0    1564   
    g42243/X                               SAEDRVT14_NR3B_U_0P5            2  0.8    6   +20    1584 R 
    g42237/A1                                                                             +0    1584   
    g42237/X                               SAEDRVT14_ND2_CDC_0P5           2  0.7    5    +7    1591 F 
    g42233/A                                                                              +0    1591   
    g42233/X                               SAEDRVT14_ND2B_U_0P5            3  1.5   15   +17    1608 F 
    g42226/A2                                                                             +0    1608   
    g42226/X                               SAEDRVT14_NR2_MM_1              3  0.7    7   +11    1619 R 
    g42224/B                                                                              +0    1619   
    g42224/X                               SAEDRVT14_ND2B_U_0P5            3  1.0   11   +12    1631 F 
    g42219/B1                                                                             +0    1631   
    g42219/X                               SAEDRVT14_OAI33_1              28 10.3   44   +51    1682 R 
    sll_266_33_g1543/A                                                                    +0    1682   
    sll_266_33_g1543/X                     SAEDRVT14_INV_1                23  9.7   32   +42    1724 F 
    g66955/A                                                                              +0    1724   
    g66955/CO                              SAEDRVT14_ADDF_V1_1             1  0.7    5   +27    1751 F 
    g66923/CI                                                                             +0    1751   
    g66923/CO                              SAEDRVT14_ADDF_V1_1             1  0.7    5   +18    1768 F 
    g66900/CI                                                                             +0    1768   
    g66900/CO                              SAEDRVT14_ADDF_V1_1             1  0.7    5   +18    1786 F 
    g66880/CI                                                                             +0    1786   
    g66880/CO                              SAEDRVT14_ADDF_V1_1             1  0.7    5   +18    1803 F 
    g66855/CI                                                                             +0    1803   
    g66855/CO                              SAEDRVT14_ADDF_V1_1             1  0.7    5   +18    1821 F 
    g66828/CI                                                                             +0    1821   
    g66828/CO                              SAEDRVT14_ADDF_V1_1             1  0.5    4   +17    1837 F 
    g66814/A1                                                                             +0    1837   
    g66814/X                               SAEDRVT14_EO2_V1_0P75           2  0.4    7   +11    1848 F 
    g66793/B1                                                                             +0    1848   
    g66793/X                               SAEDRVT14_ND3B_0P75             1  0.3    2   +16    1864 R 
    g66745/A1                                                                             +0    1864   
    g66745/X                               SAEDRVT14_OR4_1                 1  0.3    3    +7    1871 R 
    g66728/A1                                                                             +0    1871   
    g66728/X                               SAEDRVT14_OR4_1                 2  0.6    4    +8    1879 R 
    g66719/A1                                                                             +0    1879   
    g66719/X                               SAEDRVT14_AN3_0P75             31 11.8   39   +37    1916 R 
    g66668/A2                                                                             +0    1916   
    g66668/X                               SAEDRVT14_AO32_1                1  0.2    5   +24    1940 R 
    result_reg_reg[22]/RS                  SAEDRVT14_FDPCBQ_V2LP_0P5                      +0    1940   
    result_reg_reg[22]/CK                  setup                                    20   +10    1950 R 
- - - - - - - - - - - - - - - - - - - - - - - - - - - - - - - - - - - - - - - - - - - - - - - - - - - -
(clock clk)                                capture                                              2000 R 
                                           uncertainty                                   -50    1950 R 
-------------------------------------------------------------------------------------------------------
Cost Group   : 'clk' (path_group 'clk')
Timing slack :       0ps 
Start-point  : u_pe_array/gen_tile[362].u_tile/mul_prod_reg_reg[1][23]/CK
End-point    : u_pe_array/gen_tile[362].u_tile/result_reg_reg[22]/RS

path   5:

                  Pin                               Type              Fanout Load Slew Delay Arrival   
                                                                             (fF) (ps)  (ps)   (ps)    
-------------------------------------------------------------------------------------------------------
(clock clk)                                launch                                                  0 R 
u_pe_array
  gen_tile[362].u_tile
    mul_prod_reg_reg[1][23]/CK                                                      20             0 R 
    mul_prod_reg_reg[1][23]/Q              SAEDRVT14_FDP_V2LP_1            7  2.8    9   +35      35 F 
    g66237/A2                                                                             +0      35   
    g66237/X                               SAEDRVT14_AOI21_0P5             1  0.3    7   +10      45 R 
    g67598/A1                                                                             +0      45   
    g67598/X                               SAEDRVT14_OA22_0P75             1  0.3    3   +11      56 R 
    g67597/A1                                                                             +0      56   
    g67597/X                               SAEDRVT14_OA22_0P75             1  0.3    3   +10      66 R 
    g67596/A1                                                                             +0      66   
    g67596/X                               SAEDRVT14_OA21B_1               1  0.7    5   +11      76 R 
    g66188/A1                                                                             +0      76   
    g66188/X                               SAEDRVT14_NR2_2                 8  3.0    8    +8      84 F 
    g66172/S                                                                              +0      84   
    g66172/X                               SAEDRVT14_MUX2_MM_0P5           3  1.1    8   +18     102 R 
    g66169/A1                                                                             +0     102   
    g66169/X                               SAEDRVT14_AN2_MM_1              2  0.7    4   +10     112 R 
    g67592/A1                                                                             +0     112   
    g67592/X                               SAEDRVT14_OAI32_0P5             1  0.2    2   +18     131 F 
    g66154/B                                                                              +0     131   
    g66154/X                               SAEDRVT14_AOI21_0P75            1  0.3    6    +6     136 R 
    g66153/A1                                                                             +0     136   
    g66153/X                               SAEDRVT14_OAI21_0P5             1  0.7    8    +8     145 F 
    g66152/A1                                                                             +0     145   
    g66152/X                               SAEDRVT14_NR2_MM_2              8  3.4   11   +12     157 R 
    g66151/A                                                                              +0     157   
    g66151/X                               SAEDRVT14_INV_S_2               7  2.7    6    +8     165 F 
    g66150/B1                                                                             +0     165   
    g66150/X                               SAEDRVT14_OAI22_1               3  0.8   10   +10     175 R 
    g66141/A1                                                                             +0     175   
    g66141/X                               SAEDRVT14_OAI21_0P5             1  0.2    5    +7     182 F 
    g66139/B                                                                              +0     182   
    g66139/X                               SAEDRVT14_AO21B_0P5             2  0.6    6    +7     189 R 
    g66138/A1                                                                             +0     189   
    g66138/X                               SAEDRVT14_AN2_MM_1              2  0.8    4   +10     199 R 
    g66135/A2                                                                             +0     199   
    g66135/X                               SAEDRVT14_OAI31_0P75            1  0.2    2   +15     214 F 
    g66134/B                                                                              +0     214   
    g66134/X                               SAEDRVT14_OAI21_0P5             1  0.4    6    +5     218 R 
    g66133/A1                                                                             +0     218   
    g66133/X                               SAEDRVT14_OAI22_1               1  0.2    6    +7     225 F 
    g66132/B                                                                              +0     225   
    g66132/X                               SAEDRVT14_AO21B_0P5             1  0.3    4    +5     230 R 
    g66131/A1                                                                             +0     230   
    g66131/X                               SAEDRVT14_AO21_1                8  3.2   12   +18     248 R 
    g66125/S                                                                              +0     248   
    g66125/X                               SAEDRVT14_MUXI2_U_0P5           3  1.1   15   +18     267 R 
    g66121/A1                                                                             +0     267   
    g66121/X                               SAEDRVT14_AOI21_0P75            1  0.3    7    +9     276 F 
    g66119/B                                                                              +0     276   
    g66119/X                               SAEDRVT14_OA21B_1               3  0.9    7    +8     284 R 
    g66117/A1                                                                             +0     284   
    g66117/X                               SAEDRVT14_AOI21_0P75            2  0.7    8    +8     292 F 
    g66115/A2                                                                             +0     292   
    g66115/X                               SAEDRVT14_NR2_MM_1              1  0.4    4    +7     299 R 
    g66113/B1                                                                             +0     299   
    g66113/X                               SAEDRVT14_OAI22_1               2  0.6    9    +9     308 F 
    g66111/A1                                                                             +0     308   
    g66111/X                               SAEDRVT14_AOI21_0P5             2  0.6    8   +10     318 R 
    g66110/A1                                                                             +0     318   
    g66110/X                               SAEDRVT14_OA21_1                1  0.4    3   +11     329 R 
    g67590/A2                                                                             +0     329   
    g67590/X                               SAEDRVT14_OAI31_2               7  3.1    7   +19     348 F 
    g66106/A                                                                              +0     348   
    g66106/X                               SAEDRVT14_INV_S_2               8  3.2    6    +8     356 R 
    g66103/B1                                                                             +0     356   
    g66103/X                               SAEDRVT14_OAI22_1               3  0.9   10   +11     367 F 
    g66097/A1                                                                             +0     367   
    g66097/X                               SAEDRVT14_OA21_1                1  0.3    3   +13     380 F 
    g66094/B                                                                              +0     380   
    g66094/X                               SAEDRVT14_AO21_1                2  0.6    4   +11     391 F 
    g66092/A1                                                                             +0     391   
    g66092/X                               SAEDRVT14_OA21B_1               2  0.8    7   +12     402 F 
    g67589/A3                                                                             +0     402   
    g67589/X                               SAEDRVT14_NR3_1                 1  0.4    2   +16     418 R 
    g66088/B1                                                                             +0     418   
    g66088/X                               SAEDRVT14_OAI22_1               1  0.2    7    +6     424 F 
    g66087/B                                                                              +0     424   
    g66087/X                               SAEDRVT14_AOI21_0P75            1  0.3    6    +8     432 R 
    g66086/B                                                                              +0     432   
    g66086/X                               SAEDRVT14_OA21B_1               1  0.2    4    +5     437 F 
    g66085/B                                                                              +0     437   
    g66085/X                               SAEDRVT14_AOI21_0P75            1  0.3    6    +6     443 R 
    g66084/A1                                                                             +0     443   
    g66084/X                               SAEDRVT14_OA21_1                6  2.3    9   +15     458 R 
    g66076/S                                                                              +0     458   
    g66076/X                               SAEDRVT14_MUXI2_U_0P5           3  1.1   15   +17     475 R 
    g66070/A1                                                                             +0     475   
    g66070/X                               SAEDRVT14_AOI21_0P75            1  0.3    7    +9     484 F 
    g66069/B                                                                              +0     484   
    g66069/X                               SAEDRVT14_OA21B_1               3  0.9    7    +8     492 R 
    g66065/A1                                                                             +0     492   
    g66065/X                               SAEDRVT14_AOI21_0P5             2  0.8    9    +9     501 F 
    g66062/A1                                                                             +0     501   
    g66062/X                               SAEDRVT14_OAI21_0P5             1  0.4    7    +8     508 R 
    g66060/A2                                                                             +0     508   
    g66060/X                               SAEDRVT14_AOI21_0P75            1  0.7    7    +9     518 F 
    g66059/A1                                                                             +0     518   
    g66059/X                               SAEDRVT14_NR2_2                 8  3.3   11   +11     529 R 
    g66058/A                                                                              +0     529   
    g66058/X                               SAEDRVT14_INV_2                 7  2.6    6    +8     536 F 
    g66055/A1                                                                             +0     536   
    g66055/X                               SAEDRVT14_OAI22_1               2  0.6    9    +7     544 R 
    g66041/B                                                                              +0     544   
    g66041/X                               SAEDRVT14_OA21_1                1  0.4    3   +13     557 R 
    g66037/A1                                                                             +0     557   
    g66037/X                               SAEDRVT14_OAI22_1               2  0.6    8    +7     564 F 
    g66035/A1                                                                             +0     564   
    g66035/X                               SAEDRVT14_AOI21_0P5             1  0.4    7    +9     573 R 
    g66033/A2                                                                             +0     573   
    g66033/X                               SAEDRVT14_NR2_MM_1              1  0.3    3    +6     578 F 
    g66032/A1                                                                             +0     578   
    g66032/X                               SAEDRVT14_OAI31_1               8  2.9   13   +23     601 R 
    g66028/S                                                                              +0     601   
    g66028/X                               SAEDRVT14_MUXI2_U_0P5           3  0.9   13   +17     619 R 
    g66019/A1                                                                             +0     619   
    g66019/X                               SAEDRVT14_AOI21_0P75            1  0.3    6    +9     627 F 
    g66017/B                                                                              +0     627   
    g66017/X                               SAEDRVT14_OA21B_1               1  0.2    3    +4     632 R 
    g66016/B                                                                              +0     632   
    g66016/X                               SAEDRVT14_AOI21_0P75            2  0.6    8    +6     637 F 
    g66015/A1                                                                             +0     637   
    g66015/X                               SAEDRVT14_NR3_1                 1  0.4    2   +13     650 R 
    g66013/A1                                                                             +0     650   
    g66013/X                               SAEDRVT14_OAI22_1               2  0.6    9    +7     657 F 
    g66012/A2                                                                             +0     657   
    g66012/X                               SAEDRVT14_ND2_CDC_0P5           2  0.7    6    +7     664 R 
    g66009/A2                                                                             +0     664   
    g66009/X                               SAEDRVT14_AO32_U_0P5            1  0.3    5   +15     680 R 
    g66008/A1                                                                             +0     680   
    g66008/X                               SAEDRVT14_AO221_0P5             1  0.3    5   +17     697 R 
    g66007/A2                                                                             +0     697   
    g66007/X                               SAEDRVT14_ND2_CDC_0P5           4  1.9   10   +10     707 F 
    g66006/A                                                                              +0     707   
    g66006/X                               SAEDRVT14_INV_PS_2              8  3.2    8   +10     717 R 
    g66005/A1                                                                             +0     717   
    g66005/X                               SAEDRVT14_OAI22_1              12  5.6   37   +30     746 F 
    g66001/A                                                                              +0     746   
    g66001/X                               SAEDRVT14_INV_1                10  3.2   18   +24     770 R 
    g65990/A2                                                                             +0     770   
    g65990/X                               SAEDRVT14_ND2_CDC_0P5           2  1.1    9   +12     782 F 
    g65880/A2                                                                             +0     782   
    g65880/X                               SAEDRVT14_AOI21_0P75            1  0.7    9   +12     793 R 
    g65543/CI                                                                             +0     793   
    g65543/CO                              SAEDRVT14_ADDF_V1_1             1  0.7    5   +18     812 R 
    g65385/CI                                                                             +0     812   
    g65385/CO                              SAEDRVT14_ADDF_V1_1             2  0.8    6   +17     829 R 
    g65340/A1                                                                             +0     829   
    g65340/X                               SAEDRVT14_AO21B_0P5             1  0.3    4   +11     840 R 
    g65333/C                                                                              +0     840   
    g65333/X                               SAEDRVT14_OA221_U_0P5           3  0.9    8   +18     858 R 
    g65308/B                                                                              +0     858   
    g65308/X                               SAEDRVT14_ND2B_U_0P5            8  2.5   25   +23     880 F 
    g65239/A1                                                                             +0     880   
    g65239/X                               SAEDRVT14_NR2_MM_1              3  1.0   11   +13     894 R 
    g65196/A                                                                              +0     894   
    g65196/X                               SAEDRVT14_INV_1                 7  2.1    8   +10     904 F 
    g65180/A1                                                                             +0     904   
    g65180/X                               SAEDRVT14_NR2_MM_1              7  2.2   15   +14     917 R 
    g64925/B                                                                              +0     917   
    g64925/X                               SAEDRVT14_ND2B_U_0P5            1  0.3    6   +10     927 F 
    g64859/C                                                                              +0     927   
    g64859/X                               SAEDRVT14_OA221_U_0P5           2  1.0    8   +15     941 F 
    inc_add_241_47_I6_g467/A                                                              +0     941   
    inc_add_241_47_I6_g467/CO              SAEDRVT14_ADDH_0P5              1  0.7    4    +9     951 F 
    inc_add_241_47_I6_g466/A                                                              +0     951   
    inc_add_241_47_I6_g466/S               SAEDRVT14_ADDH_0P5              1  0.3    4   +11     962 R 
    g42395/A1                                                                             +0     962   
    g42395/X                               SAEDRVT14_AO21_1                1  0.7    5   +12     974 R 
    csa_tree_add_257_42_groupi_g10601/CI                                                  +0     974   
    csa_tree_add_257_42_groupi_g10601/S    SAEDRVT14_ADDF_V1_1             1  0.7    5   +35    1008 F 
    csa_tree_add_257_42_groupi_g10561/CI                                                  +0    1008   
    csa_tree_add_257_42_groupi_g10561/CO   SAEDRVT14_ADDF_V1_1             1  0.7    5   +17    1026 F 
    csa_tree_add_257_42_groupi_g10505/CI                                                  +0    1026   
    csa_tree_add_257_42_groupi_g10505/S    SAEDRVT14_ADDF_V1_1             1  0.7    5   +32    1058 R 
    csa_tree_add_257_42_groupi_g10480/CI                                                  +0    1058   
    csa_tree_add_257_42_groupi_g10480/S    SAEDRVT14_ADDF_V1_1             1  1.3    6   +36    1094 F 
    csa_tree_add_257_42_groupi_g10477/A                                                   +0    1094   
    csa_tree_add_257_42_groupi_g10477/CO   SAEDRVT14_ADDF_V1_1             1  0.7    5   +17    1111 F 
    csa_tree_add_257_42_groupi_g10476/CI                                                  +0    1111   
    csa_tree_add_257_42_groupi_g10476/CO   SAEDRVT14_ADDF_V1_1             1  0.7    5   +18    1128 F 
    csa_tree_add_257_42_groupi_g10475/CI                                                  +0    1128   
    csa_tree_add_257_42_groupi_g10475/CO   SAEDRVT14_ADDF_V1_1             1  0.7    5   +18    1146 F 
    csa_tree_add_257_42_groupi_g10474/CI                                                  +0    1146   
    csa_tree_add_257_42_groupi_g10474/CO   SAEDRVT14_ADDF_V1_1             1  0.7    5   +18    1163 F 
    csa_tree_add_257_42_groupi_g10473/CI                                                  +0    1163   
    csa_tree_add_257_42_groupi_g10473/CO   SAEDRVT14_ADDF_V1_1             1  0.7    5   +18    1181 F 
    csa_tree_add_257_42_groupi_g10472/CI                                                  +0    1181   
    csa_tree_add_257_42_groupi_g10472/CO   SAEDRVT14_ADDF_V1_1             1  0.7    5   +18    1198 F 
    csa_tree_add_257_42_groupi_g10471/CI                                                  +0    1198   
    csa_tree_add_257_42_groupi_g10471/CO   SAEDRVT14_ADDF_V1_1             1  0.7    5   +18    1216 F 
    csa_tree_add_257_42_groupi_g10470/CI                                                  +0    1216   
    csa_tree_add_257_42_groupi_g10470/CO   SAEDRVT14_ADDF_V1_1             1  0.7    5   +18    1233 F 
    csa_tree_add_257_42_groupi_g10469/CI                                                  +0    1233   
    csa_tree_add_257_42_groupi_g10469/CO   SAEDRVT14_ADDF_V1_1             1  0.7    5   +18    1251 F 
    csa_tree_add_257_42_groupi_g10468/CI                                                  +0    1251   
    csa_tree_add_257_42_groupi_g10468/CO   SAEDRVT14_ADDF_V1_1             1  0.7    5   +18    1268 F 
    csa_tree_add_257_42_groupi_g10467/CI                                                  +0    1268   
    csa_tree_add_257_42_groupi_g10467/CO   SAEDRVT14_ADDF_V1_1             1  0.7    5   +18    1286 F 
    csa_tree_add_257_42_groupi_g10466/CI                                                  +0    1286   
    csa_tree_add_257_42_groupi_g10466/CO   SAEDRVT14_ADDF_V1_1             1  0.7    5   +18    1303 F 
    csa_tree_add_257_42_groupi_g10465/CI                                                  +0    1303   
    csa_tree_add_257_42_groupi_g10465/CO   SAEDRVT14_ADDF_V1_1             1  0.7    5   +18    1321 F 
    csa_tree_add_257_42_groupi_g10464/CI                                                  +0    1321   
    csa_tree_add_257_42_groupi_g10464/CO   SAEDRVT14_ADDF_V1_1             1  0.7    5   +18    1338 F 
    csa_tree_add_257_42_groupi_g10463/CI                                                  +0    1338   
    csa_tree_add_257_42_groupi_g10463/CO   SAEDRVT14_ADDF_V1_1             1  0.7    5   +18    1356 F 
    csa_tree_add_257_42_groupi_g10462/CI                                                  +0    1356   
    csa_tree_add_257_42_groupi_g10462/CO   SAEDRVT14_ADDF_V1_1             1  0.7    5   +18    1373 F 
    csa_tree_add_257_42_groupi_g10461/CI                                                  +0    1373   
    csa_tree_add_257_42_groupi_g10461/CO   SAEDRVT14_ADDF_V1_1             1  0.7    5   +18    1391 F 
    csa_tree_add_257_42_groupi_g10460/CI                                                  +0    1391   
    csa_tree_add_257_42_groupi_g10460/CO   SAEDRVT14_ADDF_V1_1             1  0.7    5   +18    1408 F 
    csa_tree_add_257_42_groupi_g10459/CI                                                  +0    1408   
    csa_tree_add_257_42_groupi_g10459/CO   SAEDRVT14_ADDF_V1_1             1  0.7    5   +18    1426 F 
    csa_tree_add_257_42_groupi_g10458/CI                                                  +0    1426   
    csa_tree_add_257_42_groupi_g10458/CO   SAEDRVT14_ADDF_V1_1             1  0.7    5   +18    1443 F 
    csa_tree_add_257_42_groupi_g10457/CI                                                  +0    1443   
    csa_tree_add_257_42_groupi_g10457/CO   SAEDRVT14_ADDF_V1_1             1  0.7    5   +18    1461 F 
    csa_tree_add_257_42_groupi_g10456/CI                                                  +0    1461   
    csa_tree_add_257_42_groupi_g10456/CO   SAEDRVT14_ADDF_V1_1             1  0.7    5   +18    1478 F 
    csa_tree_add_257_42_groupi_g10455/CI                                                  +0    1478   
    csa_tree_add_257_42_groupi_g10455/CO   SAEDRVT14_ADDF_V2_1             2  0.8    4   +13    1491 F 
    csa_tree_add_257_42_groupi_g10453/A1                                                  +0    1491   
    csa_tree_add_257_42_groupi_g10453/X    SAEDRVT14_AOI21_0P5             1  0.7    9    +8    1500 R 
    csa_tree_add_257_42_groupi_g10452/CI                                                  +0    1500   
    csa_tree_add_257_42_groupi_g10452/CO   SAEDRVT14_ADDF_V1_2            30 12.0   23   +35    1534 R 
    g42276/S                                                                              +0    1534   
    g42276/X                               SAEDRVT14_MUX2_MM_0P5           3  1.0    7   +21    1556 F 
    g42251/A2                                                                             +0    1556   
    g42251/X                               SAEDRVT14_NR2_MM_1              2  0.6    5    +8    1564 R 
    g42243/A                                                                              +0    1564   
    g42243/X                               SAEDRVT14_NR3B_U_0P5            2  0.8    6   +20    1584 R 
    g42237/A1                                                                             +0    1584   
    g42237/X                               SAEDRVT14_ND2_CDC_0P5           2  0.7    5    +7    1591 F 
    g42233/A                                                                              +0    1591   
    g42233/X                               SAEDRVT14_ND2B_U_0P5            3  1.5   15   +17    1608 F 
    g42226/A2                                                                             +0    1608   
    g42226/X                               SAEDRVT14_NR2_MM_1              3  0.7    7   +11    1619 R 
    g42224/B                                                                              +0    1619   
    g42224/X                               SAEDRVT14_ND2B_U_0P5            3  1.0   11   +12    1631 F 
    g42219/B1                                                                             +0    1631   
    g42219/X                               SAEDRVT14_OAI33_1              28 10.3   44   +51    1682 R 
    sll_266_33_g1543/A                                                                    +0    1682   
    sll_266_33_g1543/X                     SAEDRVT14_INV_1                23  9.7   32   +42    1724 F 
    g66955/A                                                                              +0    1724   
    g66955/CO                              SAEDRVT14_ADDF_V1_1             1  0.7    5   +27    1751 F 
    g66923/CI                                                                             +0    1751   
    g66923/CO                              SAEDRVT14_ADDF_V1_1             1  0.7    5   +18    1768 F 
    g66900/CI                                                                             +0    1768   
    g66900/CO                              SAEDRVT14_ADDF_V1_1             1  0.7    5   +18    1786 F 
    g66880/CI                                                                             +0    1786   
    g66880/CO                              SAEDRVT14_ADDF_V1_1             1  0.7    5   +18    1803 F 
    g66855/CI                                                                             +0    1803   
    g66855/CO                              SAEDRVT14_ADDF_V1_1             1  0.7    5   +18    1821 F 
    g66828/CI                                                                             +0    1821   
    g66828/CO                              SAEDRVT14_ADDF_V1_1             1  0.5    4   +17    1837 F 
    g66814/A1                                                                             +0    1837   
    g66814/X                               SAEDRVT14_EO2_V1_0P75           2  0.4    7   +11    1848 F 
    g66793/B1                                                                             +0    1848   
    g66793/X                               SAEDRVT14_ND3B_0P75             1  0.3    2   +16    1864 R 
    g66745/A1                                                                             +0    1864   
    g66745/X                               SAEDRVT14_OR4_1                 1  0.3    3    +7    1871 R 
    g66728/A1                                                                             +0    1871   
    g66728/X                               SAEDRVT14_OR4_1                 2  0.6    4    +8    1879 R 
    g66719/A1                                                                             +0    1879   
    g66719/X                               SAEDRVT14_AN3_0P75             31 11.8   39   +37    1916 R 
    g66687/A2                                                                             +0    1916   
    g66687/X                               SAEDRVT14_AO32_1                1  0.2    5   +24    1940 R 
    result_reg_reg[21]/RS                  SAEDRVT14_FDPCBQ_V2LP_0P5                      +0    1940   
    result_reg_reg[21]/CK                  setup                                    20   +10    1950 R 
- - - - - - - - - - - - - - - - - - - - - - - - - - - - - - - - - - - - - - - - - - - - - - - - - - - -
(clock clk)                                capture                                              2000 R 
                                           uncertainty                                   -50    1950 R 
-------------------------------------------------------------------------------------------------------
Cost Group   : 'clk' (path_group 'clk')
Timing slack :       0ps 
Start-point  : u_pe_array/gen_tile[362].u_tile/mul_prod_reg_reg[1][23]/CK
End-point    : u_pe_array/gen_tile[362].u_tile/result_reg_reg[21]/RS

path   6:

                  Pin                               Type              Fanout Load Slew Delay Arrival   
                                                                             (fF) (ps)  (ps)   (ps)    
-------------------------------------------------------------------------------------------------------
(clock clk)                                launch                                                  0 R 
u_pe_array
  gen_tile[362].u_tile
    mul_prod_reg_reg[1][23]/CK                                                      20             0 R 
    mul_prod_reg_reg[1][23]/Q              SAEDRVT14_FDP_V2LP_1            7  2.8    9   +35      35 F 
    g66237/A2                                                                             +0      35   
    g66237/X                               SAEDRVT14_AOI21_0P5             1  0.3    7   +10      45 R 
    g67598/A1                                                                             +0      45   
    g67598/X                               SAEDRVT14_OA22_0P75             1  0.3    3   +11      56 R 
    g67597/A1                                                                             +0      56   
    g67597/X                               SAEDRVT14_OA22_0P75             1  0.3    3   +10      66 R 
    g67596/A1                                                                             +0      66   
    g67596/X                               SAEDRVT14_OA21B_1               1  0.7    5   +11      76 R 
    g66188/A1                                                                             +0      76   
    g66188/X                               SAEDRVT14_NR2_2                 8  3.0    8    +8      84 F 
    g66172/S                                                                              +0      84   
    g66172/X                               SAEDRVT14_MUX2_MM_0P5           3  1.1    8   +18     102 R 
    g66169/A1                                                                             +0     102   
    g66169/X                               SAEDRVT14_AN2_MM_1              2  0.7    4   +10     112 R 
    g67592/A1                                                                             +0     112   
    g67592/X                               SAEDRVT14_OAI32_0P5             1  0.2    2   +18     131 F 
    g66154/B                                                                              +0     131   
    g66154/X                               SAEDRVT14_AOI21_0P75            1  0.3    6    +6     136 R 
    g66153/A1                                                                             +0     136   
    g66153/X                               SAEDRVT14_OAI21_0P5             1  0.7    8    +8     145 F 
    g66152/A1                                                                             +0     145   
    g66152/X                               SAEDRVT14_NR2_MM_2              8  3.4   11   +12     157 R 
    g66151/A                                                                              +0     157   
    g66151/X                               SAEDRVT14_INV_S_2               7  2.7    6    +8     165 F 
    g66150/B1                                                                             +0     165   
    g66150/X                               SAEDRVT14_OAI22_1               3  0.8   10   +10     175 R 
    g66141/A1                                                                             +0     175   
    g66141/X                               SAEDRVT14_OAI21_0P5             1  0.2    5    +7     182 F 
    g66139/B                                                                              +0     182   
    g66139/X                               SAEDRVT14_AO21B_0P5             2  0.6    6    +7     189 R 
    g66138/A1                                                                             +0     189   
    g66138/X                               SAEDRVT14_AN2_MM_1              2  0.8    4   +10     199 R 
    g66135/A2                                                                             +0     199   
    g66135/X                               SAEDRVT14_OAI31_0P75            1  0.2    2   +15     214 F 
    g66134/B                                                                              +0     214   
    g66134/X                               SAEDRVT14_OAI21_0P5             1  0.4    6    +5     218 R 
    g66133/A1                                                                             +0     218   
    g66133/X                               SAEDRVT14_OAI22_1               1  0.2    6    +7     225 F 
    g66132/B                                                                              +0     225   
    g66132/X                               SAEDRVT14_AO21B_0P5             1  0.3    4    +5     230 R 
    g66131/A1                                                                             +0     230   
    g66131/X                               SAEDRVT14_AO21_1                8  3.2   12   +18     248 R 
    g66125/S                                                                              +0     248   
    g66125/X                               SAEDRVT14_MUXI2_U_0P5           3  1.1   15   +18     267 R 
    g66121/A1                                                                             +0     267   
    g66121/X                               SAEDRVT14_AOI21_0P75            1  0.3    7    +9     276 F 
    g66119/B                                                                              +0     276   
    g66119/X                               SAEDRVT14_OA21B_1               3  0.9    7    +8     284 R 
    g66117/A1                                                                             +0     284   
    g66117/X                               SAEDRVT14_AOI21_0P75            2  0.7    8    +8     292 F 
    g66115/A2                                                                             +0     292   
    g66115/X                               SAEDRVT14_NR2_MM_1              1  0.4    4    +7     299 R 
    g66113/B1                                                                             +0     299   
    g66113/X                               SAEDRVT14_OAI22_1               2  0.6    9    +9     308 F 
    g66111/A1                                                                             +0     308   
    g66111/X                               SAEDRVT14_AOI21_0P5             2  0.6    8   +10     318 R 
    g66110/A1                                                                             +0     318   
    g66110/X                               SAEDRVT14_OA21_1                1  0.4    3   +11     329 R 
    g67590/A2                                                                             +0     329   
    g67590/X                               SAEDRVT14_OAI31_2               7  3.1    7   +19     348 F 
    g66106/A                                                                              +0     348   
    g66106/X                               SAEDRVT14_INV_S_2               8  3.2    6    +8     356 R 
    g66103/B1                                                                             +0     356   
    g66103/X                               SAEDRVT14_OAI22_1               3  0.9   10   +11     367 F 
    g66097/A1                                                                             +0     367   
    g66097/X                               SAEDRVT14_OA21_1                1  0.3    3   +13     380 F 
    g66094/B                                                                              +0     380   
    g66094/X                               SAEDRVT14_AO21_1                2  0.6    4   +11     391 F 
    g66092/A1                                                                             +0     391   
    g66092/X                               SAEDRVT14_OA21B_1               2  0.8    7   +12     402 F 
    g67589/A3                                                                             +0     402   
    g67589/X                               SAEDRVT14_NR3_1                 1  0.4    2   +16     418 R 
    g66088/B1                                                                             +0     418   
    g66088/X                               SAEDRVT14_OAI22_1               1  0.2    7    +6     424 F 
    g66087/B                                                                              +0     424   
    g66087/X                               SAEDRVT14_AOI21_0P75            1  0.3    6    +8     432 R 
    g66086/B                                                                              +0     432   
    g66086/X                               SAEDRVT14_OA21B_1               1  0.2    4    +5     437 F 
    g66085/B                                                                              +0     437   
    g66085/X                               SAEDRVT14_AOI21_0P75            1  0.3    6    +6     443 R 
    g66084/A1                                                                             +0     443   
    g66084/X                               SAEDRVT14_OA21_1                6  2.3    9   +15     458 R 
    g66076/S                                                                              +0     458   
    g66076/X                               SAEDRVT14_MUXI2_U_0P5           3  1.1   15   +17     475 R 
    g66070/A1                                                                             +0     475   
    g66070/X                               SAEDRVT14_AOI21_0P75            1  0.3    7    +9     484 F 
    g66069/B                                                                              +0     484   
    g66069/X                               SAEDRVT14_OA21B_1               3  0.9    7    +8     492 R 
    g66065/A1                                                                             +0     492   
    g66065/X                               SAEDRVT14_AOI21_0P5             2  0.8    9    +9     501 F 
    g66062/A1                                                                             +0     501   
    g66062/X                               SAEDRVT14_OAI21_0P5             1  0.4    7    +8     508 R 
    g66060/A2                                                                             +0     508   
    g66060/X                               SAEDRVT14_AOI21_0P75            1  0.7    7    +9     518 F 
    g66059/A1                                                                             +0     518   
    g66059/X                               SAEDRVT14_NR2_2                 8  3.3   11   +11     529 R 
    g66058/A                                                                              +0     529   
    g66058/X                               SAEDRVT14_INV_2                 7  2.6    6    +8     536 F 
    g66055/A1                                                                             +0     536   
    g66055/X                               SAEDRVT14_OAI22_1               2  0.6    9    +7     544 R 
    g66041/B                                                                              +0     544   
    g66041/X                               SAEDRVT14_OA21_1                1  0.4    3   +13     557 R 
    g66037/A1                                                                             +0     557   
    g66037/X                               SAEDRVT14_OAI22_1               2  0.6    8    +7     564 F 
    g66035/A1                                                                             +0     564   
    g66035/X                               SAEDRVT14_AOI21_0P5             1  0.4    7    +9     573 R 
    g66033/A2                                                                             +0     573   
    g66033/X                               SAEDRVT14_NR2_MM_1              1  0.3    3    +6     578 F 
    g66032/A1                                                                             +0     578   
    g66032/X                               SAEDRVT14_OAI31_1               8  2.9   13   +23     601 R 
    g66028/S                                                                              +0     601   
    g66028/X                               SAEDRVT14_MUXI2_U_0P5           3  0.9   13   +17     619 R 
    g66019/A1                                                                             +0     619   
    g66019/X                               SAEDRVT14_AOI21_0P75            1  0.3    6    +9     627 F 
    g66017/B                                                                              +0     627   
    g66017/X                               SAEDRVT14_OA21B_1               1  0.2    3    +4     632 R 
    g66016/B                                                                              +0     632   
    g66016/X                               SAEDRVT14_AOI21_0P75            2  0.6    8    +6     637 F 
    g66015/A1                                                                             +0     637   
    g66015/X                               SAEDRVT14_NR3_1                 1  0.4    2   +13     650 R 
    g66013/A1                                                                             +0     650   
    g66013/X                               SAEDRVT14_OAI22_1               2  0.6    9    +7     657 F 
    g66012/A2                                                                             +0     657   
    g66012/X                               SAEDRVT14_ND2_CDC_0P5           2  0.7    6    +7     664 R 
    g66009/A2                                                                             +0     664   
    g66009/X                               SAEDRVT14_AO32_U_0P5            1  0.3    5   +15     680 R 
    g66008/A1                                                                             +0     680   
    g66008/X                               SAEDRVT14_AO221_0P5             1  0.3    5   +17     697 R 
    g66007/A2                                                                             +0     697   
    g66007/X                               SAEDRVT14_ND2_CDC_0P5           4  1.9   10   +10     707 F 
    g66006/A                                                                              +0     707   
    g66006/X                               SAEDRVT14_INV_PS_2              8  3.2    8   +10     717 R 
    g66005/A1                                                                             +0     717   
    g66005/X                               SAEDRVT14_OAI22_1              12  5.6   37   +30     746 F 
    g66001/A                                                                              +0     746   
    g66001/X                               SAEDRVT14_INV_1                10  3.2   18   +24     770 R 
    g65990/A2                                                                             +0     770   
    g65990/X                               SAEDRVT14_ND2_CDC_0P5           2  1.1    9   +12     782 F 
    g65880/A2                                                                             +0     782   
    g65880/X                               SAEDRVT14_AOI21_0P75            1  0.7    9   +12     793 R 
    g65543/CI                                                                             +0     793   
    g65543/CO                              SAEDRVT14_ADDF_V1_1             1  0.7    5   +18     812 R 
    g65385/CI                                                                             +0     812   
    g65385/CO                              SAEDRVT14_ADDF_V1_1             2  0.8    6   +17     829 R 
    g65340/A1                                                                             +0     829   
    g65340/X                               SAEDRVT14_AO21B_0P5             1  0.3    4   +11     840 R 
    g65333/C                                                                              +0     840   
    g65333/X                               SAEDRVT14_OA221_U_0P5           3  0.9    8   +18     858 R 
    g65308/B                                                                              +0     858   
    g65308/X                               SAEDRVT14_ND2B_U_0P5            8  2.5   25   +23     880 F 
    g65239/A1                                                                             +0     880   
    g65239/X                               SAEDRVT14_NR2_MM_1              3  1.0   11   +13     894 R 
    g65196/A                                                                              +0     894   
    g65196/X                               SAEDRVT14_INV_1                 7  2.1    8   +10     904 F 
    g65180/A1                                                                             +0     904   
    g65180/X                               SAEDRVT14_NR2_MM_1              7  2.2   15   +14     917 R 
    g64925/B                                                                              +0     917   
    g64925/X                               SAEDRVT14_ND2B_U_0P5            1  0.3    6   +10     927 F 
    g64859/C                                                                              +0     927   
    g64859/X                               SAEDRVT14_OA221_U_0P5           2  1.0    8   +15     941 F 
    inc_add_241_47_I6_g467/A                                                              +0     941   
    inc_add_241_47_I6_g467/CO              SAEDRVT14_ADDH_0P5              1  0.7    4    +9     951 F 
    inc_add_241_47_I6_g466/A                                                              +0     951   
    inc_add_241_47_I6_g466/S               SAEDRVT14_ADDH_0P5              1  0.3    4   +11     962 R 
    g42395/A1                                                                             +0     962   
    g42395/X                               SAEDRVT14_AO21_1                1  0.7    5   +12     974 R 
    csa_tree_add_257_42_groupi_g10601/CI                                                  +0     974   
    csa_tree_add_257_42_groupi_g10601/S    SAEDRVT14_ADDF_V1_1             1  0.7    5   +35    1008 F 
    csa_tree_add_257_42_groupi_g10561/CI                                                  +0    1008   
    csa_tree_add_257_42_groupi_g10561/CO   SAEDRVT14_ADDF_V1_1             1  0.7    5   +17    1026 F 
    csa_tree_add_257_42_groupi_g10505/CI                                                  +0    1026   
    csa_tree_add_257_42_groupi_g10505/S    SAEDRVT14_ADDF_V1_1             1  0.7    5   +32    1058 R 
    csa_tree_add_257_42_groupi_g10480/CI                                                  +0    1058   
    csa_tree_add_257_42_groupi_g10480/S    SAEDRVT14_ADDF_V1_1             1  1.3    6   +36    1094 F 
    csa_tree_add_257_42_groupi_g10477/A                                                   +0    1094   
    csa_tree_add_257_42_groupi_g10477/CO   SAEDRVT14_ADDF_V1_1             1  0.7    5   +17    1111 F 
    csa_tree_add_257_42_groupi_g10476/CI                                                  +0    1111   
    csa_tree_add_257_42_groupi_g10476/CO   SAEDRVT14_ADDF_V1_1             1  0.7    5   +18    1128 F 
    csa_tree_add_257_42_groupi_g10475/CI                                                  +0    1128   
    csa_tree_add_257_42_groupi_g10475/CO   SAEDRVT14_ADDF_V1_1             1  0.7    5   +18    1146 F 
    csa_tree_add_257_42_groupi_g10474/CI                                                  +0    1146   
    csa_tree_add_257_42_groupi_g10474/CO   SAEDRVT14_ADDF_V1_1             1  0.7    5   +18    1163 F 
    csa_tree_add_257_42_groupi_g10473/CI                                                  +0    1163   
    csa_tree_add_257_42_groupi_g10473/CO   SAEDRVT14_ADDF_V1_1             1  0.7    5   +18    1181 F 
    csa_tree_add_257_42_groupi_g10472/CI                                                  +0    1181   
    csa_tree_add_257_42_groupi_g10472/CO   SAEDRVT14_ADDF_V1_1             1  0.7    5   +18    1198 F 
    csa_tree_add_257_42_groupi_g10471/CI                                                  +0    1198   
    csa_tree_add_257_42_groupi_g10471/CO   SAEDRVT14_ADDF_V1_1             1  0.7    5   +18    1216 F 
    csa_tree_add_257_42_groupi_g10470/CI                                                  +0    1216   
    csa_tree_add_257_42_groupi_g10470/CO   SAEDRVT14_ADDF_V1_1             1  0.7    5   +18    1233 F 
    csa_tree_add_257_42_groupi_g10469/CI                                                  +0    1233   
    csa_tree_add_257_42_groupi_g10469/CO   SAEDRVT14_ADDF_V1_1             1  0.7    5   +18    1251 F 
    csa_tree_add_257_42_groupi_g10468/CI                                                  +0    1251   
    csa_tree_add_257_42_groupi_g10468/CO   SAEDRVT14_ADDF_V1_1             1  0.7    5   +18    1268 F 
    csa_tree_add_257_42_groupi_g10467/CI                                                  +0    1268   
    csa_tree_add_257_42_groupi_g10467/CO   SAEDRVT14_ADDF_V1_1             1  0.7    5   +18    1286 F 
    csa_tree_add_257_42_groupi_g10466/CI                                                  +0    1286   
    csa_tree_add_257_42_groupi_g10466/CO   SAEDRVT14_ADDF_V1_1             1  0.7    5   +18    1303 F 
    csa_tree_add_257_42_groupi_g10465/CI                                                  +0    1303   
    csa_tree_add_257_42_groupi_g10465/CO   SAEDRVT14_ADDF_V1_1             1  0.7    5   +18    1321 F 
    csa_tree_add_257_42_groupi_g10464/CI                                                  +0    1321   
    csa_tree_add_257_42_groupi_g10464/CO   SAEDRVT14_ADDF_V1_1             1  0.7    5   +18    1338 F 
    csa_tree_add_257_42_groupi_g10463/CI                                                  +0    1338   
    csa_tree_add_257_42_groupi_g10463/CO   SAEDRVT14_ADDF_V1_1             1  0.7    5   +18    1356 F 
    csa_tree_add_257_42_groupi_g10462/CI                                                  +0    1356   
    csa_tree_add_257_42_groupi_g10462/CO   SAEDRVT14_ADDF_V1_1             1  0.7    5   +18    1373 F 
    csa_tree_add_257_42_groupi_g10461/CI                                                  +0    1373   
    csa_tree_add_257_42_groupi_g10461/CO   SAEDRVT14_ADDF_V1_1             1  0.7    5   +18    1391 F 
    csa_tree_add_257_42_groupi_g10460/CI                                                  +0    1391   
    csa_tree_add_257_42_groupi_g10460/CO   SAEDRVT14_ADDF_V1_1             1  0.7    5   +18    1408 F 
    csa_tree_add_257_42_groupi_g10459/CI                                                  +0    1408   
    csa_tree_add_257_42_groupi_g10459/CO   SAEDRVT14_ADDF_V1_1             1  0.7    5   +18    1426 F 
    csa_tree_add_257_42_groupi_g10458/CI                                                  +0    1426   
    csa_tree_add_257_42_groupi_g10458/CO   SAEDRVT14_ADDF_V1_1             1  0.7    5   +18    1443 F 
    csa_tree_add_257_42_groupi_g10457/CI                                                  +0    1443   
    csa_tree_add_257_42_groupi_g10457/CO   SAEDRVT14_ADDF_V1_1             1  0.7    5   +18    1461 F 
    csa_tree_add_257_42_groupi_g10456/CI                                                  +0    1461   
    csa_tree_add_257_42_groupi_g10456/CO   SAEDRVT14_ADDF_V1_1             1  0.7    5   +18    1478 F 
    csa_tree_add_257_42_groupi_g10455/CI                                                  +0    1478   
    csa_tree_add_257_42_groupi_g10455/CO   SAEDRVT14_ADDF_V2_1             2  0.8    4   +13    1491 F 
    csa_tree_add_257_42_groupi_g10453/A1                                                  +0    1491   
    csa_tree_add_257_42_groupi_g10453/X    SAEDRVT14_AOI21_0P5             1  0.7    9    +8    1500 R 
    csa_tree_add_257_42_groupi_g10452/CI                                                  +0    1500   
    csa_tree_add_257_42_groupi_g10452/CO   SAEDRVT14_ADDF_V1_2            30 12.0   23   +35    1534 R 
    g42276/S                                                                              +0    1534   
    g42276/X                               SAEDRVT14_MUX2_MM_0P5           3  1.0    7   +21    1556 F 
    g42251/A2                                                                             +0    1556   
    g42251/X                               SAEDRVT14_NR2_MM_1              2  0.6    5    +8    1564 R 
    g42243/A                                                                              +0    1564   
    g42243/X                               SAEDRVT14_NR3B_U_0P5            2  0.8    6   +20    1584 R 
    g42237/A1                                                                             +0    1584   
    g42237/X                               SAEDRVT14_ND2_CDC_0P5           2  0.7    5    +7    1591 F 
    g42233/A                                                                              +0    1591   
    g42233/X                               SAEDRVT14_ND2B_U_0P5            3  1.5   15   +17    1608 F 
    g42226/A2                                                                             +0    1608   
    g42226/X                               SAEDRVT14_NR2_MM_1              3  0.7    7   +11    1619 R 
    g42224/B                                                                              +0    1619   
    g42224/X                               SAEDRVT14_ND2B_U_0P5            3  1.0   11   +12    1631 F 
    g42219/B1                                                                             +0    1631   
    g42219/X                               SAEDRVT14_OAI33_1              28 10.3   44   +51    1682 R 
    sll_266_33_g1543/A                                                                    +0    1682   
    sll_266_33_g1543/X                     SAEDRVT14_INV_1                23  9.7   32   +42    1724 F 
    g66955/A                                                                              +0    1724   
    g66955/CO                              SAEDRVT14_ADDF_V1_1             1  0.7    5   +27    1751 F 
    g66923/CI                                                                             +0    1751   
    g66923/CO                              SAEDRVT14_ADDF_V1_1             1  0.7    5   +18    1768 F 
    g66900/CI                                                                             +0    1768   
    g66900/CO                              SAEDRVT14_ADDF_V1_1             1  0.7    5   +18    1786 F 
    g66880/CI                                                                             +0    1786   
    g66880/CO                              SAEDRVT14_ADDF_V1_1             1  0.7    5   +18    1803 F 
    g66855/CI                                                                             +0    1803   
    g66855/CO                              SAEDRVT14_ADDF_V1_1             1  0.7    5   +18    1821 F 
    g66828/CI                                                                             +0    1821   
    g66828/CO                              SAEDRVT14_ADDF_V1_1             1  0.5    4   +17    1837 F 
    g66814/A1                                                                             +0    1837   
    g66814/X                               SAEDRVT14_EO2_V1_0P75           2  0.4    7   +11    1848 F 
    g66793/B1                                                                             +0    1848   
    g66793/X                               SAEDRVT14_ND3B_0P75             1  0.3    2   +16    1864 R 
    g66745/A1                                                                             +0    1864   
    g66745/X                               SAEDRVT14_OR4_1                 1  0.3    3    +7    1871 R 
    g66728/A1                                                                             +0    1871   
    g66728/X                               SAEDRVT14_OR4_1                 2  0.6    4    +8    1879 R 
    g66719/A1                                                                             +0    1879   
    g66719/X                               SAEDRVT14_AN3_0P75             31 11.8   39   +37    1916 R 
    g66686/A2                                                                             +0    1916   
    g66686/X                               SAEDRVT14_AO32_1                1  0.2    5   +24    1940 R 
    result_reg_reg[20]/RS                  SAEDRVT14_FDPCBQ_V2LP_0P5                      +0    1940   
    result_reg_reg[20]/CK                  setup                                    20   +10    1950 R 
- - - - - - - - - - - - - - - - - - - - - - - - - - - - - - - - - - - - - - - - - - - - - - - - - - - -
(clock clk)                                capture                                              2000 R 
                                           uncertainty                                   -50    1950 R 
-------------------------------------------------------------------------------------------------------
Cost Group   : 'clk' (path_group 'clk')
Timing slack :       0ps 
Start-point  : u_pe_array/gen_tile[362].u_tile/mul_prod_reg_reg[1][23]/CK
End-point    : u_pe_array/gen_tile[362].u_tile/result_reg_reg[20]/RS

path   7:

                  Pin                               Type              Fanout Load Slew Delay Arrival   
                                                                             (fF) (ps)  (ps)   (ps)    
-------------------------------------------------------------------------------------------------------
(clock clk)                                launch                                                  0 R 
u_pe_array
  gen_tile[362].u_tile
    mul_prod_reg_reg[1][23]/CK                                                      20             0 R 
    mul_prod_reg_reg[1][23]/Q              SAEDRVT14_FDP_V2LP_1            7  2.8    9   +35      35 F 
    g66237/A2                                                                             +0      35   
    g66237/X                               SAEDRVT14_AOI21_0P5             1  0.3    7   +10      45 R 
    g67598/A1                                                                             +0      45   
    g67598/X                               SAEDRVT14_OA22_0P75             1  0.3    3   +11      56 R 
    g67597/A1                                                                             +0      56   
    g67597/X                               SAEDRVT14_OA22_0P75             1  0.3    3   +10      66 R 
    g67596/A1                                                                             +0      66   
    g67596/X                               SAEDRVT14_OA21B_1               1  0.7    5   +11      76 R 
    g66188/A1                                                                             +0      76   
    g66188/X                               SAEDRVT14_NR2_2                 8  3.0    8    +8      84 F 
    g66172/S                                                                              +0      84   
    g66172/X                               SAEDRVT14_MUX2_MM_0P5           3  1.1    8   +18     102 R 
    g66169/A1                                                                             +0     102   
    g66169/X                               SAEDRVT14_AN2_MM_1              2  0.7    4   +10     112 R 
    g67592/A1                                                                             +0     112   
    g67592/X                               SAEDRVT14_OAI32_0P5             1  0.2    2   +18     131 F 
    g66154/B                                                                              +0     131   
    g66154/X                               SAEDRVT14_AOI21_0P75            1  0.3    6    +6     136 R 
    g66153/A1                                                                             +0     136   
    g66153/X                               SAEDRVT14_OAI21_0P5             1  0.7    8    +8     145 F 
    g66152/A1                                                                             +0     145   
    g66152/X                               SAEDRVT14_NR2_MM_2              8  3.4   11   +12     157 R 
    g66151/A                                                                              +0     157   
    g66151/X                               SAEDRVT14_INV_S_2               7  2.7    6    +8     165 F 
    g66150/B1                                                                             +0     165   
    g66150/X                               SAEDRVT14_OAI22_1               3  0.8   10   +10     175 R 
    g66141/A1                                                                             +0     175   
    g66141/X                               SAEDRVT14_OAI21_0P5             1  0.2    5    +7     182 F 
    g66139/B                                                                              +0     182   
    g66139/X                               SAEDRVT14_AO21B_0P5             2  0.6    6    +7     189 R 
    g66138/A1                                                                             +0     189   
    g66138/X                               SAEDRVT14_AN2_MM_1              2  0.8    4   +10     199 R 
    g66135/A2                                                                             +0     199   
    g66135/X                               SAEDRVT14_OAI31_0P75            1  0.2    2   +15     214 F 
    g66134/B                                                                              +0     214   
    g66134/X                               SAEDRVT14_OAI21_0P5             1  0.4    6    +5     218 R 
    g66133/A1                                                                             +0     218   
    g66133/X                               SAEDRVT14_OAI22_1               1  0.2    6    +7     225 F 
    g66132/B                                                                              +0     225   
    g66132/X                               SAEDRVT14_AO21B_0P5             1  0.3    4    +5     230 R 
    g66131/A1                                                                             +0     230   
    g66131/X                               SAEDRVT14_AO21_1                8  3.2   12   +18     248 R 
    g66125/S                                                                              +0     248   
    g66125/X                               SAEDRVT14_MUXI2_U_0P5           3  1.1   15   +18     267 R 
    g66121/A1                                                                             +0     267   
    g66121/X                               SAEDRVT14_AOI21_0P75            1  0.3    7    +9     276 F 
    g66119/B                                                                              +0     276   
    g66119/X                               SAEDRVT14_OA21B_1               3  0.9    7    +8     284 R 
    g66117/A1                                                                             +0     284   
    g66117/X                               SAEDRVT14_AOI21_0P75            2  0.7    8    +8     292 F 
    g66115/A2                                                                             +0     292   
    g66115/X                               SAEDRVT14_NR2_MM_1              1  0.4    4    +7     299 R 
    g66113/B1                                                                             +0     299   
    g66113/X                               SAEDRVT14_OAI22_1               2  0.6    9    +9     308 F 
    g66111/A1                                                                             +0     308   
    g66111/X                               SAEDRVT14_AOI21_0P5             2  0.6    8   +10     318 R 
    g66110/A1                                                                             +0     318   
    g66110/X                               SAEDRVT14_OA21_1                1  0.4    3   +11     329 R 
    g67590/A2                                                                             +0     329   
    g67590/X                               SAEDRVT14_OAI31_2               7  3.1    7   +19     348 F 
    g66106/A                                                                              +0     348   
    g66106/X                               SAEDRVT14_INV_S_2               8  3.2    6    +8     356 R 
    g66103/B1                                                                             +0     356   
    g66103/X                               SAEDRVT14_OAI22_1               3  0.9   10   +11     367 F 
    g66097/A1                                                                             +0     367   
    g66097/X                               SAEDRVT14_OA21_1                1  0.3    3   +13     380 F 
    g66094/B                                                                              +0     380   
    g66094/X                               SAEDRVT14_AO21_1                2  0.6    4   +11     391 F 
    g66092/A1                                                                             +0     391   
    g66092/X                               SAEDRVT14_OA21B_1               2  0.8    7   +12     402 F 
    g67589/A3                                                                             +0     402   
    g67589/X                               SAEDRVT14_NR3_1                 1  0.4    2   +16     418 R 
    g66088/B1                                                                             +0     418   
    g66088/X                               SAEDRVT14_OAI22_1               1  0.2    7    +6     424 F 
    g66087/B                                                                              +0     424   
    g66087/X                               SAEDRVT14_AOI21_0P75            1  0.3    6    +8     432 R 
    g66086/B                                                                              +0     432   
    g66086/X                               SAEDRVT14_OA21B_1               1  0.2    4    +5     437 F 
    g66085/B                                                                              +0     437   
    g66085/X                               SAEDRVT14_AOI21_0P75            1  0.3    6    +6     443 R 
    g66084/A1                                                                             +0     443   
    g66084/X                               SAEDRVT14_OA21_1                6  2.3    9   +15     458 R 
    g66076/S                                                                              +0     458   
    g66076/X                               SAEDRVT14_MUXI2_U_0P5           3  1.1   15   +17     475 R 
    g66070/A1                                                                             +0     475   
    g66070/X                               SAEDRVT14_AOI21_0P75            1  0.3    7    +9     484 F 
    g66069/B                                                                              +0     484   
    g66069/X                               SAEDRVT14_OA21B_1               3  0.9    7    +8     492 R 
    g66065/A1                                                                             +0     492   
    g66065/X                               SAEDRVT14_AOI21_0P5             2  0.8    9    +9     501 F 
    g66062/A1                                                                             +0     501   
    g66062/X                               SAEDRVT14_OAI21_0P5             1  0.4    7    +8     508 R 
    g66060/A2                                                                             +0     508   
    g66060/X                               SAEDRVT14_AOI21_0P75            1  0.7    7    +9     518 F 
    g66059/A1                                                                             +0     518   
    g66059/X                               SAEDRVT14_NR2_2                 8  3.3   11   +11     529 R 
    g66058/A                                                                              +0     529   
    g66058/X                               SAEDRVT14_INV_2                 7  2.6    6    +8     536 F 
    g66055/A1                                                                             +0     536   
    g66055/X                               SAEDRVT14_OAI22_1               2  0.6    9    +7     544 R 
    g66041/B                                                                              +0     544   
    g66041/X                               SAEDRVT14_OA21_1                1  0.4    3   +13     557 R 
    g66037/A1                                                                             +0     557   
    g66037/X                               SAEDRVT14_OAI22_1               2  0.6    8    +7     564 F 
    g66035/A1                                                                             +0     564   
    g66035/X                               SAEDRVT14_AOI21_0P5             1  0.4    7    +9     573 R 
    g66033/A2                                                                             +0     573   
    g66033/X                               SAEDRVT14_NR2_MM_1              1  0.3    3    +6     578 F 
    g66032/A1                                                                             +0     578   
    g66032/X                               SAEDRVT14_OAI31_1               8  2.9   13   +23     601 R 
    g66028/S                                                                              +0     601   
    g66028/X                               SAEDRVT14_MUXI2_U_0P5           3  0.9   13   +17     619 R 
    g66019/A1                                                                             +0     619   
    g66019/X                               SAEDRVT14_AOI21_0P75            1  0.3    6    +9     627 F 
    g66017/B                                                                              +0     627   
    g66017/X                               SAEDRVT14_OA21B_1               1  0.2    3    +4     632 R 
    g66016/B                                                                              +0     632   
    g66016/X                               SAEDRVT14_AOI21_0P75            2  0.6    8    +6     637 F 
    g66015/A1                                                                             +0     637   
    g66015/X                               SAEDRVT14_NR3_1                 1  0.4    2   +13     650 R 
    g66013/A1                                                                             +0     650   
    g66013/X                               SAEDRVT14_OAI22_1               2  0.6    9    +7     657 F 
    g66012/A2                                                                             +0     657   
    g66012/X                               SAEDRVT14_ND2_CDC_0P5           2  0.7    6    +7     664 R 
    g66009/A2                                                                             +0     664   
    g66009/X                               SAEDRVT14_AO32_U_0P5            1  0.3    5   +15     680 R 
    g66008/A1                                                                             +0     680   
    g66008/X                               SAEDRVT14_AO221_0P5             1  0.3    5   +17     697 R 
    g66007/A2                                                                             +0     697   
    g66007/X                               SAEDRVT14_ND2_CDC_0P5           4  1.9   10   +10     707 F 
    g66006/A                                                                              +0     707   
    g66006/X                               SAEDRVT14_INV_PS_2              8  3.2    8   +10     717 R 
    g66005/A1                                                                             +0     717   
    g66005/X                               SAEDRVT14_OAI22_1              12  5.6   37   +30     746 F 
    g66001/A                                                                              +0     746   
    g66001/X                               SAEDRVT14_INV_1                10  3.2   18   +24     770 R 
    g65990/A2                                                                             +0     770   
    g65990/X                               SAEDRVT14_ND2_CDC_0P5           2  1.1    9   +12     782 F 
    g65880/A2                                                                             +0     782   
    g65880/X                               SAEDRVT14_AOI21_0P75            1  0.7    9   +12     793 R 
    g65543/CI                                                                             +0     793   
    g65543/CO                              SAEDRVT14_ADDF_V1_1             1  0.7    5   +18     812 R 
    g65385/CI                                                                             +0     812   
    g65385/CO                              SAEDRVT14_ADDF_V1_1             2  0.8    6   +17     829 R 
    g65340/A1                                                                             +0     829   
    g65340/X                               SAEDRVT14_AO21B_0P5             1  0.3    4   +11     840 R 
    g65333/C                                                                              +0     840   
    g65333/X                               SAEDRVT14_OA221_U_0P5           3  0.9    8   +18     858 R 
    g65308/B                                                                              +0     858   
    g65308/X                               SAEDRVT14_ND2B_U_0P5            8  2.5   25   +23     880 F 
    g65239/A1                                                                             +0     880   
    g65239/X                               SAEDRVT14_NR2_MM_1              3  1.0   11   +13     894 R 
    g65196/A                                                                              +0     894   
    g65196/X                               SAEDRVT14_INV_1                 7  2.1    8   +10     904 F 
    g65180/A1                                                                             +0     904   
    g65180/X                               SAEDRVT14_NR2_MM_1              7  2.2   15   +14     917 R 
    g64925/B                                                                              +0     917   
    g64925/X                               SAEDRVT14_ND2B_U_0P5            1  0.3    6   +10     927 F 
    g64859/C                                                                              +0     927   
    g64859/X                               SAEDRVT14_OA221_U_0P5           2  1.0    8   +15     941 F 
    inc_add_241_47_I6_g467/A                                                              +0     941   
    inc_add_241_47_I6_g467/CO              SAEDRVT14_ADDH_0P5              1  0.7    4    +9     951 F 
    inc_add_241_47_I6_g466/A                                                              +0     951   
    inc_add_241_47_I6_g466/S               SAEDRVT14_ADDH_0P5              1  0.3    4   +11     962 R 
    g42395/A1                                                                             +0     962   
    g42395/X                               SAEDRVT14_AO21_1                1  0.7    5   +12     974 R 
    csa_tree_add_257_42_groupi_g10601/CI                                                  +0     974   
    csa_tree_add_257_42_groupi_g10601/S    SAEDRVT14_ADDF_V1_1             1  0.7    5   +35    1008 F 
    csa_tree_add_257_42_groupi_g10561/CI                                                  +0    1008   
    csa_tree_add_257_42_groupi_g10561/CO   SAEDRVT14_ADDF_V1_1             1  0.7    5   +17    1026 F 
    csa_tree_add_257_42_groupi_g10505/CI                                                  +0    1026   
    csa_tree_add_257_42_groupi_g10505/S    SAEDRVT14_ADDF_V1_1             1  0.7    5   +32    1058 R 
    csa_tree_add_257_42_groupi_g10480/CI                                                  +0    1058   
    csa_tree_add_257_42_groupi_g10480/S    SAEDRVT14_ADDF_V1_1             1  1.3    6   +36    1094 F 
    csa_tree_add_257_42_groupi_g10477/A                                                   +0    1094   
    csa_tree_add_257_42_groupi_g10477/CO   SAEDRVT14_ADDF_V1_1             1  0.7    5   +17    1111 F 
    csa_tree_add_257_42_groupi_g10476/CI                                                  +0    1111   
    csa_tree_add_257_42_groupi_g10476/CO   SAEDRVT14_ADDF_V1_1             1  0.7    5   +18    1128 F 
    csa_tree_add_257_42_groupi_g10475/CI                                                  +0    1128   
    csa_tree_add_257_42_groupi_g10475/CO   SAEDRVT14_ADDF_V1_1             1  0.7    5   +18    1146 F 
    csa_tree_add_257_42_groupi_g10474/CI                                                  +0    1146   
    csa_tree_add_257_42_groupi_g10474/CO   SAEDRVT14_ADDF_V1_1             1  0.7    5   +18    1163 F 
    csa_tree_add_257_42_groupi_g10473/CI                                                  +0    1163   
    csa_tree_add_257_42_groupi_g10473/CO   SAEDRVT14_ADDF_V1_1             1  0.7    5   +18    1181 F 
    csa_tree_add_257_42_groupi_g10472/CI                                                  +0    1181   
    csa_tree_add_257_42_groupi_g10472/CO   SAEDRVT14_ADDF_V1_1             1  0.7    5   +18    1198 F 
    csa_tree_add_257_42_groupi_g10471/CI                                                  +0    1198   
    csa_tree_add_257_42_groupi_g10471/CO   SAEDRVT14_ADDF_V1_1             1  0.7    5   +18    1216 F 
    csa_tree_add_257_42_groupi_g10470/CI                                                  +0    1216   
    csa_tree_add_257_42_groupi_g10470/CO   SAEDRVT14_ADDF_V1_1             1  0.7    5   +18    1233 F 
    csa_tree_add_257_42_groupi_g10469/CI                                                  +0    1233   
    csa_tree_add_257_42_groupi_g10469/CO   SAEDRVT14_ADDF_V1_1             1  0.7    5   +18    1251 F 
    csa_tree_add_257_42_groupi_g10468/CI                                                  +0    1251   
    csa_tree_add_257_42_groupi_g10468/CO   SAEDRVT14_ADDF_V1_1             1  0.7    5   +18    1268 F 
    csa_tree_add_257_42_groupi_g10467/CI                                                  +0    1268   
    csa_tree_add_257_42_groupi_g10467/CO   SAEDRVT14_ADDF_V1_1             1  0.7    5   +18    1286 F 
    csa_tree_add_257_42_groupi_g10466/CI                                                  +0    1286   
    csa_tree_add_257_42_groupi_g10466/CO   SAEDRVT14_ADDF_V1_1             1  0.7    5   +18    1303 F 
    csa_tree_add_257_42_groupi_g10465/CI                                                  +0    1303   
    csa_tree_add_257_42_groupi_g10465/CO   SAEDRVT14_ADDF_V1_1             1  0.7    5   +18    1321 F 
    csa_tree_add_257_42_groupi_g10464/CI                                                  +0    1321   
    csa_tree_add_257_42_groupi_g10464/CO   SAEDRVT14_ADDF_V1_1             1  0.7    5   +18    1338 F 
    csa_tree_add_257_42_groupi_g10463/CI                                                  +0    1338   
    csa_tree_add_257_42_groupi_g10463/CO   SAEDRVT14_ADDF_V1_1             1  0.7    5   +18    1356 F 
    csa_tree_add_257_42_groupi_g10462/CI                                                  +0    1356   
    csa_tree_add_257_42_groupi_g10462/CO   SAEDRVT14_ADDF_V1_1             1  0.7    5   +18    1373 F 
    csa_tree_add_257_42_groupi_g10461/CI                                                  +0    1373   
    csa_tree_add_257_42_groupi_g10461/CO   SAEDRVT14_ADDF_V1_1             1  0.7    5   +18    1391 F 
    csa_tree_add_257_42_groupi_g10460/CI                                                  +0    1391   
    csa_tree_add_257_42_groupi_g10460/CO   SAEDRVT14_ADDF_V1_1             1  0.7    5   +18    1408 F 
    csa_tree_add_257_42_groupi_g10459/CI                                                  +0    1408   
    csa_tree_add_257_42_groupi_g10459/CO   SAEDRVT14_ADDF_V1_1             1  0.7    5   +18    1426 F 
    csa_tree_add_257_42_groupi_g10458/CI                                                  +0    1426   
    csa_tree_add_257_42_groupi_g10458/CO   SAEDRVT14_ADDF_V1_1             1  0.7    5   +18    1443 F 
    csa_tree_add_257_42_groupi_g10457/CI                                                  +0    1443   
    csa_tree_add_257_42_groupi_g10457/CO   SAEDRVT14_ADDF_V1_1             1  0.7    5   +18    1461 F 
    csa_tree_add_257_42_groupi_g10456/CI                                                  +0    1461   
    csa_tree_add_257_42_groupi_g10456/CO   SAEDRVT14_ADDF_V1_1             1  0.7    5   +18    1478 F 
    csa_tree_add_257_42_groupi_g10455/CI                                                  +0    1478   
    csa_tree_add_257_42_groupi_g10455/CO   SAEDRVT14_ADDF_V2_1             2  0.8    4   +13    1491 F 
    csa_tree_add_257_42_groupi_g10453/A1                                                  +0    1491   
    csa_tree_add_257_42_groupi_g10453/X    SAEDRVT14_AOI21_0P5             1  0.7    9    +8    1500 R 
    csa_tree_add_257_42_groupi_g10452/CI                                                  +0    1500   
    csa_tree_add_257_42_groupi_g10452/CO   SAEDRVT14_ADDF_V1_2            30 12.0   23   +35    1534 R 
    g42276/S                                                                              +0    1534   
    g42276/X                               SAEDRVT14_MUX2_MM_0P5           3  1.0    7   +21    1556 F 
    g42251/A2                                                                             +0    1556   
    g42251/X                               SAEDRVT14_NR2_MM_1              2  0.6    5    +8    1564 R 
    g42243/A                                                                              +0    1564   
    g42243/X                               SAEDRVT14_NR3B_U_0P5            2  0.8    6   +20    1584 R 
    g42237/A1                                                                             +0    1584   
    g42237/X                               SAEDRVT14_ND2_CDC_0P5           2  0.7    5    +7    1591 F 
    g42233/A                                                                              +0    1591   
    g42233/X                               SAEDRVT14_ND2B_U_0P5            3  1.5   15   +17    1608 F 
    g42226/A2                                                                             +0    1608   
    g42226/X                               SAEDRVT14_NR2_MM_1              3  0.7    7   +11    1619 R 
    g42224/B                                                                              +0    1619   
    g42224/X                               SAEDRVT14_ND2B_U_0P5            3  1.0   11   +12    1631 F 
    g42219/B1                                                                             +0    1631   
    g42219/X                               SAEDRVT14_OAI33_1              28 10.3   44   +51    1682 R 
    sll_266_33_g1543/A                                                                    +0    1682   
    sll_266_33_g1543/X                     SAEDRVT14_INV_1                23  9.7   32   +42    1724 F 
    g66955/A                                                                              +0    1724   
    g66955/CO                              SAEDRVT14_ADDF_V1_1             1  0.7    5   +27    1751 F 
    g66923/CI                                                                             +0    1751   
    g66923/CO                              SAEDRVT14_ADDF_V1_1             1  0.7    5   +18    1768 F 
    g66900/CI                                                                             +0    1768   
    g66900/CO                              SAEDRVT14_ADDF_V1_1             1  0.7    5   +18    1786 F 
    g66880/CI                                                                             +0    1786   
    g66880/CO                              SAEDRVT14_ADDF_V1_1             1  0.7    5   +18    1803 F 
    g66855/CI                                                                             +0    1803   
    g66855/CO                              SAEDRVT14_ADDF_V1_1             1  0.7    5   +18    1821 F 
    g66828/CI                                                                             +0    1821   
    g66828/CO                              SAEDRVT14_ADDF_V1_1             1  0.5    4   +17    1837 F 
    g66814/A1                                                                             +0    1837   
    g66814/X                               SAEDRVT14_EO2_V1_0P75           2  0.4    7   +11    1848 F 
    g66793/B1                                                                             +0    1848   
    g66793/X                               SAEDRVT14_ND3B_0P75             1  0.3    2   +16    1864 R 
    g66745/A1                                                                             +0    1864   
    g66745/X                               SAEDRVT14_OR4_1                 1  0.3    3    +7    1871 R 
    g66728/A1                                                                             +0    1871   
    g66728/X                               SAEDRVT14_OR4_1                 2  0.6    4    +8    1879 R 
    g66719/A1                                                                             +0    1879   
    g66719/X                               SAEDRVT14_AN3_0P75             31 11.8   39   +37    1916 R 
    g66685/A2                                                                             +0    1916   
    g66685/X                               SAEDRVT14_AO32_1                1  0.2    5   +24    1940 R 
    result_reg_reg[19]/RS                  SAEDRVT14_FDPCBQ_V2LP_0P5                      +0    1940   
    result_reg_reg[19]/CK                  setup                                    20   +10    1950 R 
- - - - - - - - - - - - - - - - - - - - - - - - - - - - - - - - - - - - - - - - - - - - - - - - - - - -
(clock clk)                                capture                                              2000 R 
                                           uncertainty                                   -50    1950 R 
-------------------------------------------------------------------------------------------------------
Cost Group   : 'clk' (path_group 'clk')
Timing slack :       0ps 
Start-point  : u_pe_array/gen_tile[362].u_tile/mul_prod_reg_reg[1][23]/CK
End-point    : u_pe_array/gen_tile[362].u_tile/result_reg_reg[19]/RS

path   8:

                  Pin                               Type              Fanout Load Slew Delay Arrival   
                                                                             (fF) (ps)  (ps)   (ps)    
-------------------------------------------------------------------------------------------------------
(clock clk)                                launch                                                  0 R 
u_pe_array
  gen_tile[362].u_tile
    mul_prod_reg_reg[1][23]/CK                                                      20             0 R 
    mul_prod_reg_reg[1][23]/Q              SAEDRVT14_FDP_V2LP_1            7  2.8    9   +35      35 F 
    g66237/A2                                                                             +0      35   
    g66237/X                               SAEDRVT14_AOI21_0P5             1  0.3    7   +10      45 R 
    g67598/A1                                                                             +0      45   
    g67598/X                               SAEDRVT14_OA22_0P75             1  0.3    3   +11      56 R 
    g67597/A1                                                                             +0      56   
    g67597/X                               SAEDRVT14_OA22_0P75             1  0.3    3   +10      66 R 
    g67596/A1                                                                             +0      66   
    g67596/X                               SAEDRVT14_OA21B_1               1  0.7    5   +11      76 R 
    g66188/A1                                                                             +0      76   
    g66188/X                               SAEDRVT14_NR2_2                 8  3.0    8    +8      84 F 
    g66172/S                                                                              +0      84   
    g66172/X                               SAEDRVT14_MUX2_MM_0P5           3  1.1    8   +18     102 R 
    g66169/A1                                                                             +0     102   
    g66169/X                               SAEDRVT14_AN2_MM_1              2  0.7    4   +10     112 R 
    g67592/A1                                                                             +0     112   
    g67592/X                               SAEDRVT14_OAI32_0P5             1  0.2    2   +18     131 F 
    g66154/B                                                                              +0     131   
    g66154/X                               SAEDRVT14_AOI21_0P75            1  0.3    6    +6     136 R 
    g66153/A1                                                                             +0     136   
    g66153/X                               SAEDRVT14_OAI21_0P5             1  0.7    8    +8     145 F 
    g66152/A1                                                                             +0     145   
    g66152/X                               SAEDRVT14_NR2_MM_2              8  3.4   11   +12     157 R 
    g66151/A                                                                              +0     157   
    g66151/X                               SAEDRVT14_INV_S_2               7  2.7    6    +8     165 F 
    g66150/B1                                                                             +0     165   
    g66150/X                               SAEDRVT14_OAI22_1               3  0.8   10   +10     175 R 
    g66141/A1                                                                             +0     175   
    g66141/X                               SAEDRVT14_OAI21_0P5             1  0.2    5    +7     182 F 
    g66139/B                                                                              +0     182   
    g66139/X                               SAEDRVT14_AO21B_0P5             2  0.6    6    +7     189 R 
    g66138/A1                                                                             +0     189   
    g66138/X                               SAEDRVT14_AN2_MM_1              2  0.8    4   +10     199 R 
    g66135/A2                                                                             +0     199   
    g66135/X                               SAEDRVT14_OAI31_0P75            1  0.2    2   +15     214 F 
    g66134/B                                                                              +0     214   
    g66134/X                               SAEDRVT14_OAI21_0P5             1  0.4    6    +5     218 R 
    g66133/A1                                                                             +0     218   
    g66133/X                               SAEDRVT14_OAI22_1               1  0.2    6    +7     225 F 
    g66132/B                                                                              +0     225   
    g66132/X                               SAEDRVT14_AO21B_0P5             1  0.3    4    +5     230 R 
    g66131/A1                                                                             +0     230   
    g66131/X                               SAEDRVT14_AO21_1                8  3.2   12   +18     248 R 
    g66125/S                                                                              +0     248   
    g66125/X                               SAEDRVT14_MUXI2_U_0P5           3  1.1   15   +18     267 R 
    g66121/A1                                                                             +0     267   
    g66121/X                               SAEDRVT14_AOI21_0P75            1  0.3    7    +9     276 F 
    g66119/B                                                                              +0     276   
    g66119/X                               SAEDRVT14_OA21B_1               3  0.9    7    +8     284 R 
    g66117/A1                                                                             +0     284   
    g66117/X                               SAEDRVT14_AOI21_0P75            2  0.7    8    +8     292 F 
    g66115/A2                                                                             +0     292   
    g66115/X                               SAEDRVT14_NR2_MM_1              1  0.4    4    +7     299 R 
    g66113/B1                                                                             +0     299   
    g66113/X                               SAEDRVT14_OAI22_1               2  0.6    9    +9     308 F 
    g66111/A1                                                                             +0     308   
    g66111/X                               SAEDRVT14_AOI21_0P5             2  0.6    8   +10     318 R 
    g66110/A1                                                                             +0     318   
    g66110/X                               SAEDRVT14_OA21_1                1  0.4    3   +11     329 R 
    g67590/A2                                                                             +0     329   
    g67590/X                               SAEDRVT14_OAI31_2               7  3.1    7   +19     348 F 
    g66106/A                                                                              +0     348   
    g66106/X                               SAEDRVT14_INV_S_2               8  3.2    6    +8     356 R 
    g66103/B1                                                                             +0     356   
    g66103/X                               SAEDRVT14_OAI22_1               3  0.9   10   +11     367 F 
    g66097/A1                                                                             +0     367   
    g66097/X                               SAEDRVT14_OA21_1                1  0.3    3   +13     380 F 
    g66094/B                                                                              +0     380   
    g66094/X                               SAEDRVT14_AO21_1                2  0.6    4   +11     391 F 
    g66092/A1                                                                             +0     391   
    g66092/X                               SAEDRVT14_OA21B_1               2  0.8    7   +12     402 F 
    g67589/A3                                                                             +0     402   
    g67589/X                               SAEDRVT14_NR3_1                 1  0.4    2   +16     418 R 
    g66088/B1                                                                             +0     418   
    g66088/X                               SAEDRVT14_OAI22_1               1  0.2    7    +6     424 F 
    g66087/B                                                                              +0     424   
    g66087/X                               SAEDRVT14_AOI21_0P75            1  0.3    6    +8     432 R 
    g66086/B                                                                              +0     432   
    g66086/X                               SAEDRVT14_OA21B_1               1  0.2    4    +5     437 F 
    g66085/B                                                                              +0     437   
    g66085/X                               SAEDRVT14_AOI21_0P75            1  0.3    6    +6     443 R 
    g66084/A1                                                                             +0     443   
    g66084/X                               SAEDRVT14_OA21_1                6  2.3    9   +15     458 R 
    g66076/S                                                                              +0     458   
    g66076/X                               SAEDRVT14_MUXI2_U_0P5           3  1.1   15   +17     475 R 
    g66070/A1                                                                             +0     475   
    g66070/X                               SAEDRVT14_AOI21_0P75            1  0.3    7    +9     484 F 
    g66069/B                                                                              +0     484   
    g66069/X                               SAEDRVT14_OA21B_1               3  0.9    7    +8     492 R 
    g66065/A1                                                                             +0     492   
    g66065/X                               SAEDRVT14_AOI21_0P5             2  0.8    9    +9     501 F 
    g66062/A1                                                                             +0     501   
    g66062/X                               SAEDRVT14_OAI21_0P5             1  0.4    7    +8     508 R 
    g66060/A2                                                                             +0     508   
    g66060/X                               SAEDRVT14_AOI21_0P75            1  0.7    7    +9     518 F 
    g66059/A1                                                                             +0     518   
    g66059/X                               SAEDRVT14_NR2_2                 8  3.3   11   +11     529 R 
    g66058/A                                                                              +0     529   
    g66058/X                               SAEDRVT14_INV_2                 7  2.6    6    +8     536 F 
    g66055/A1                                                                             +0     536   
    g66055/X                               SAEDRVT14_OAI22_1               2  0.6    9    +7     544 R 
    g66041/B                                                                              +0     544   
    g66041/X                               SAEDRVT14_OA21_1                1  0.4    3   +13     557 R 
    g66037/A1                                                                             +0     557   
    g66037/X                               SAEDRVT14_OAI22_1               2  0.6    8    +7     564 F 
    g66035/A1                                                                             +0     564   
    g66035/X                               SAEDRVT14_AOI21_0P5             1  0.4    7    +9     573 R 
    g66033/A2                                                                             +0     573   
    g66033/X                               SAEDRVT14_NR2_MM_1              1  0.3    3    +6     578 F 
    g66032/A1                                                                             +0     578   
    g66032/X                               SAEDRVT14_OAI31_1               8  2.9   13   +23     601 R 
    g66028/S                                                                              +0     601   
    g66028/X                               SAEDRVT14_MUXI2_U_0P5           3  0.9   13   +17     619 R 
    g66019/A1                                                                             +0     619   
    g66019/X                               SAEDRVT14_AOI21_0P75            1  0.3    6    +9     627 F 
    g66017/B                                                                              +0     627   
    g66017/X                               SAEDRVT14_OA21B_1               1  0.2    3    +4     632 R 
    g66016/B                                                                              +0     632   
    g66016/X                               SAEDRVT14_AOI21_0P75            2  0.6    8    +6     637 F 
    g66015/A1                                                                             +0     637   
    g66015/X                               SAEDRVT14_NR3_1                 1  0.4    2   +13     650 R 
    g66013/A1                                                                             +0     650   
    g66013/X                               SAEDRVT14_OAI22_1               2  0.6    9    +7     657 F 
    g66012/A2                                                                             +0     657   
    g66012/X                               SAEDRVT14_ND2_CDC_0P5           2  0.7    6    +7     664 R 
    g66009/A2                                                                             +0     664   
    g66009/X                               SAEDRVT14_AO32_U_0P5            1  0.3    5   +15     680 R 
    g66008/A1                                                                             +0     680   
    g66008/X                               SAEDRVT14_AO221_0P5             1  0.3    5   +17     697 R 
    g66007/A2                                                                             +0     697   
    g66007/X                               SAEDRVT14_ND2_CDC_0P5           4  1.9   10   +10     707 F 
    g66006/A                                                                              +0     707   
    g66006/X                               SAEDRVT14_INV_PS_2              8  3.2    8   +10     717 R 
    g66005/A1                                                                             +0     717   
    g66005/X                               SAEDRVT14_OAI22_1              12  5.6   37   +30     746 F 
    g66001/A                                                                              +0     746   
    g66001/X                               SAEDRVT14_INV_1                10  3.2   18   +24     770 R 
    g65990/A2                                                                             +0     770   
    g65990/X                               SAEDRVT14_ND2_CDC_0P5           2  1.1    9   +12     782 F 
    g65880/A2                                                                             +0     782   
    g65880/X                               SAEDRVT14_AOI21_0P75            1  0.7    9   +12     793 R 
    g65543/CI                                                                             +0     793   
    g65543/CO                              SAEDRVT14_ADDF_V1_1             1  0.7    5   +18     812 R 
    g65385/CI                                                                             +0     812   
    g65385/CO                              SAEDRVT14_ADDF_V1_1             2  0.8    6   +17     829 R 
    g65340/A1                                                                             +0     829   
    g65340/X                               SAEDRVT14_AO21B_0P5             1  0.3    4   +11     840 R 
    g65333/C                                                                              +0     840   
    g65333/X                               SAEDRVT14_OA221_U_0P5           3  0.9    8   +18     858 R 
    g65308/B                                                                              +0     858   
    g65308/X                               SAEDRVT14_ND2B_U_0P5            8  2.5   25   +23     880 F 
    g65239/A1                                                                             +0     880   
    g65239/X                               SAEDRVT14_NR2_MM_1              3  1.0   11   +13     894 R 
    g65196/A                                                                              +0     894   
    g65196/X                               SAEDRVT14_INV_1                 7  2.1    8   +10     904 F 
    g65180/A1                                                                             +0     904   
    g65180/X                               SAEDRVT14_NR2_MM_1              7  2.2   15   +14     917 R 
    g64925/B                                                                              +0     917   
    g64925/X                               SAEDRVT14_ND2B_U_0P5            1  0.3    6   +10     927 F 
    g64859/C                                                                              +0     927   
    g64859/X                               SAEDRVT14_OA221_U_0P5           2  1.0    8   +15     941 F 
    inc_add_241_47_I6_g467/A                                                              +0     941   
    inc_add_241_47_I6_g467/CO              SAEDRVT14_ADDH_0P5              1  0.7    4    +9     951 F 
    inc_add_241_47_I6_g466/A                                                              +0     951   
    inc_add_241_47_I6_g466/S               SAEDRVT14_ADDH_0P5              1  0.3    4   +11     962 R 
    g42395/A1                                                                             +0     962   
    g42395/X                               SAEDRVT14_AO21_1                1  0.7    5   +12     974 R 
    csa_tree_add_257_42_groupi_g10601/CI                                                  +0     974   
    csa_tree_add_257_42_groupi_g10601/S    SAEDRVT14_ADDF_V1_1             1  0.7    5   +35    1008 F 
    csa_tree_add_257_42_groupi_g10561/CI                                                  +0    1008   
    csa_tree_add_257_42_groupi_g10561/CO   SAEDRVT14_ADDF_V1_1             1  0.7    5   +17    1026 F 
    csa_tree_add_257_42_groupi_g10505/CI                                                  +0    1026   
    csa_tree_add_257_42_groupi_g10505/S    SAEDRVT14_ADDF_V1_1             1  0.7    5   +32    1058 R 
    csa_tree_add_257_42_groupi_g10480/CI                                                  +0    1058   
    csa_tree_add_257_42_groupi_g10480/S    SAEDRVT14_ADDF_V1_1             1  1.3    6   +36    1094 F 
    csa_tree_add_257_42_groupi_g10477/A                                                   +0    1094   
    csa_tree_add_257_42_groupi_g10477/CO   SAEDRVT14_ADDF_V1_1             1  0.7    5   +17    1111 F 
    csa_tree_add_257_42_groupi_g10476/CI                                                  +0    1111   
    csa_tree_add_257_42_groupi_g10476/CO   SAEDRVT14_ADDF_V1_1             1  0.7    5   +18    1128 F 
    csa_tree_add_257_42_groupi_g10475/CI                                                  +0    1128   
    csa_tree_add_257_42_groupi_g10475/CO   SAEDRVT14_ADDF_V1_1             1  0.7    5   +18    1146 F 
    csa_tree_add_257_42_groupi_g10474/CI                                                  +0    1146   
    csa_tree_add_257_42_groupi_g10474/CO   SAEDRVT14_ADDF_V1_1             1  0.7    5   +18    1163 F 
    csa_tree_add_257_42_groupi_g10473/CI                                                  +0    1163   
    csa_tree_add_257_42_groupi_g10473/CO   SAEDRVT14_ADDF_V1_1             1  0.7    5   +18    1181 F 
    csa_tree_add_257_42_groupi_g10472/CI                                                  +0    1181   
    csa_tree_add_257_42_groupi_g10472/CO   SAEDRVT14_ADDF_V1_1             1  0.7    5   +18    1198 F 
    csa_tree_add_257_42_groupi_g10471/CI                                                  +0    1198   
    csa_tree_add_257_42_groupi_g10471/CO   SAEDRVT14_ADDF_V1_1             1  0.7    5   +18    1216 F 
    csa_tree_add_257_42_groupi_g10470/CI                                                  +0    1216   
    csa_tree_add_257_42_groupi_g10470/CO   SAEDRVT14_ADDF_V1_1             1  0.7    5   +18    1233 F 
    csa_tree_add_257_42_groupi_g10469/CI                                                  +0    1233   
    csa_tree_add_257_42_groupi_g10469/CO   SAEDRVT14_ADDF_V1_1             1  0.7    5   +18    1251 F 
    csa_tree_add_257_42_groupi_g10468/CI                                                  +0    1251   
    csa_tree_add_257_42_groupi_g10468/CO   SAEDRVT14_ADDF_V1_1             1  0.7    5   +18    1268 F 
    csa_tree_add_257_42_groupi_g10467/CI                                                  +0    1268   
    csa_tree_add_257_42_groupi_g10467/CO   SAEDRVT14_ADDF_V1_1             1  0.7    5   +18    1286 F 
    csa_tree_add_257_42_groupi_g10466/CI                                                  +0    1286   
    csa_tree_add_257_42_groupi_g10466/CO   SAEDRVT14_ADDF_V1_1             1  0.7    5   +18    1303 F 
    csa_tree_add_257_42_groupi_g10465/CI                                                  +0    1303   
    csa_tree_add_257_42_groupi_g10465/CO   SAEDRVT14_ADDF_V1_1             1  0.7    5   +18    1321 F 
    csa_tree_add_257_42_groupi_g10464/CI                                                  +0    1321   
    csa_tree_add_257_42_groupi_g10464/CO   SAEDRVT14_ADDF_V1_1             1  0.7    5   +18    1338 F 
    csa_tree_add_257_42_groupi_g10463/CI                                                  +0    1338   
    csa_tree_add_257_42_groupi_g10463/CO   SAEDRVT14_ADDF_V1_1             1  0.7    5   +18    1356 F 
    csa_tree_add_257_42_groupi_g10462/CI                                                  +0    1356   
    csa_tree_add_257_42_groupi_g10462/CO   SAEDRVT14_ADDF_V1_1             1  0.7    5   +18    1373 F 
    csa_tree_add_257_42_groupi_g10461/CI                                                  +0    1373   
    csa_tree_add_257_42_groupi_g10461/CO   SAEDRVT14_ADDF_V1_1             1  0.7    5   +18    1391 F 
    csa_tree_add_257_42_groupi_g10460/CI                                                  +0    1391   
    csa_tree_add_257_42_groupi_g10460/CO   SAEDRVT14_ADDF_V1_1             1  0.7    5   +18    1408 F 
    csa_tree_add_257_42_groupi_g10459/CI                                                  +0    1408   
    csa_tree_add_257_42_groupi_g10459/CO   SAEDRVT14_ADDF_V1_1             1  0.7    5   +18    1426 F 
    csa_tree_add_257_42_groupi_g10458/CI                                                  +0    1426   
    csa_tree_add_257_42_groupi_g10458/CO   SAEDRVT14_ADDF_V1_1             1  0.7    5   +18    1443 F 
    csa_tree_add_257_42_groupi_g10457/CI                                                  +0    1443   
    csa_tree_add_257_42_groupi_g10457/CO   SAEDRVT14_ADDF_V1_1             1  0.7    5   +18    1461 F 
    csa_tree_add_257_42_groupi_g10456/CI                                                  +0    1461   
    csa_tree_add_257_42_groupi_g10456/CO   SAEDRVT14_ADDF_V1_1             1  0.7    5   +18    1478 F 
    csa_tree_add_257_42_groupi_g10455/CI                                                  +0    1478   
    csa_tree_add_257_42_groupi_g10455/CO   SAEDRVT14_ADDF_V2_1             2  0.8    4   +13    1491 F 
    csa_tree_add_257_42_groupi_g10453/A1                                                  +0    1491   
    csa_tree_add_257_42_groupi_g10453/X    SAEDRVT14_AOI21_0P5             1  0.7    9    +8    1500 R 
    csa_tree_add_257_42_groupi_g10452/CI                                                  +0    1500   
    csa_tree_add_257_42_groupi_g10452/CO   SAEDRVT14_ADDF_V1_2            30 12.0   23   +35    1534 R 
    g42276/S                                                                              +0    1534   
    g42276/X                               SAEDRVT14_MUX2_MM_0P5           3  1.0    7   +21    1556 F 
    g42251/A2                                                                             +0    1556   
    g42251/X                               SAEDRVT14_NR2_MM_1              2  0.6    5    +8    1564 R 
    g42243/A                                                                              +0    1564   
    g42243/X                               SAEDRVT14_NR3B_U_0P5            2  0.8    6   +20    1584 R 
    g42237/A1                                                                             +0    1584   
    g42237/X                               SAEDRVT14_ND2_CDC_0P5           2  0.7    5    +7    1591 F 
    g42233/A                                                                              +0    1591   
    g42233/X                               SAEDRVT14_ND2B_U_0P5            3  1.5   15   +17    1608 F 
    g42226/A2                                                                             +0    1608   
    g42226/X                               SAEDRVT14_NR2_MM_1              3  0.7    7   +11    1619 R 
    g42224/B                                                                              +0    1619   
    g42224/X                               SAEDRVT14_ND2B_U_0P5            3  1.0   11   +12    1631 F 
    g42219/B1                                                                             +0    1631   
    g42219/X                               SAEDRVT14_OAI33_1              28 10.3   44   +51    1682 R 
    sll_266_33_g1543/A                                                                    +0    1682   
    sll_266_33_g1543/X                     SAEDRVT14_INV_1                23  9.7   32   +42    1724 F 
    g66955/A                                                                              +0    1724   
    g66955/CO                              SAEDRVT14_ADDF_V1_1             1  0.7    5   +27    1751 F 
    g66923/CI                                                                             +0    1751   
    g66923/CO                              SAEDRVT14_ADDF_V1_1             1  0.7    5   +18    1768 F 
    g66900/CI                                                                             +0    1768   
    g66900/CO                              SAEDRVT14_ADDF_V1_1             1  0.7    5   +18    1786 F 
    g66880/CI                                                                             +0    1786   
    g66880/CO                              SAEDRVT14_ADDF_V1_1             1  0.7    5   +18    1803 F 
    g66855/CI                                                                             +0    1803   
    g66855/CO                              SAEDRVT14_ADDF_V1_1             1  0.7    5   +18    1821 F 
    g66828/CI                                                                             +0    1821   
    g66828/CO                              SAEDRVT14_ADDF_V1_1             1  0.5    4   +17    1837 F 
    g66814/A1                                                                             +0    1837   
    g66814/X                               SAEDRVT14_EO2_V1_0P75           2  0.4    7   +11    1848 F 
    g66793/B1                                                                             +0    1848   
    g66793/X                               SAEDRVT14_ND3B_0P75             1  0.3    2   +16    1864 R 
    g66745/A1                                                                             +0    1864   
    g66745/X                               SAEDRVT14_OR4_1                 1  0.3    3    +7    1871 R 
    g66728/A1                                                                             +0    1871   
    g66728/X                               SAEDRVT14_OR4_1                 2  0.6    4    +8    1879 R 
    g66719/A1                                                                             +0    1879   
    g66719/X                               SAEDRVT14_AN3_0P75             31 11.8   39   +37    1916 R 
    g66684/A2                                                                             +0    1916   
    g66684/X                               SAEDRVT14_AO32_1                1  0.2    5   +24    1940 R 
    result_reg_reg[18]/RS                  SAEDRVT14_FDPCBQ_V2LP_0P5                      +0    1940   
    result_reg_reg[18]/CK                  setup                                    20   +10    1950 R 
- - - - - - - - - - - - - - - - - - - - - - - - - - - - - - - - - - - - - - - - - - - - - - - - - - - -
(clock clk)                                capture                                              2000 R 
                                           uncertainty                                   -50    1950 R 
-------------------------------------------------------------------------------------------------------
Cost Group   : 'clk' (path_group 'clk')
Timing slack :       0ps 
Start-point  : u_pe_array/gen_tile[362].u_tile/mul_prod_reg_reg[1][23]/CK
End-point    : u_pe_array/gen_tile[362].u_tile/result_reg_reg[18]/RS

path   9:

                  Pin                               Type              Fanout Load Slew Delay Arrival   
                                                                             (fF) (ps)  (ps)   (ps)    
-------------------------------------------------------------------------------------------------------
(clock clk)                                launch                                                  0 R 
u_pe_array
  gen_tile[362].u_tile
    mul_prod_reg_reg[1][23]/CK                                                      20             0 R 
    mul_prod_reg_reg[1][23]/Q              SAEDRVT14_FDP_V2LP_1            7  2.8    9   +35      35 F 
    g66237/A2                                                                             +0      35   
    g66237/X                               SAEDRVT14_AOI21_0P5             1  0.3    7   +10      45 R 
    g67598/A1                                                                             +0      45   
    g67598/X                               SAEDRVT14_OA22_0P75             1  0.3    3   +11      56 R 
    g67597/A1                                                                             +0      56   
    g67597/X                               SAEDRVT14_OA22_0P75             1  0.3    3   +10      66 R 
    g67596/A1                                                                             +0      66   
    g67596/X                               SAEDRVT14_OA21B_1               1  0.7    5   +11      76 R 
    g66188/A1                                                                             +0      76   
    g66188/X                               SAEDRVT14_NR2_2                 8  3.0    8    +8      84 F 
    g66172/S                                                                              +0      84   
    g66172/X                               SAEDRVT14_MUX2_MM_0P5           3  1.1    8   +18     102 R 
    g66169/A1                                                                             +0     102   
    g66169/X                               SAEDRVT14_AN2_MM_1              2  0.7    4   +10     112 R 
    g67592/A1                                                                             +0     112   
    g67592/X                               SAEDRVT14_OAI32_0P5             1  0.2    2   +18     131 F 
    g66154/B                                                                              +0     131   
    g66154/X                               SAEDRVT14_AOI21_0P75            1  0.3    6    +6     136 R 
    g66153/A1                                                                             +0     136   
    g66153/X                               SAEDRVT14_OAI21_0P5             1  0.7    8    +8     145 F 
    g66152/A1                                                                             +0     145   
    g66152/X                               SAEDRVT14_NR2_MM_2              8  3.4   11   +12     157 R 
    g66151/A                                                                              +0     157   
    g66151/X                               SAEDRVT14_INV_S_2               7  2.7    6    +8     165 F 
    g66150/B1                                                                             +0     165   
    g66150/X                               SAEDRVT14_OAI22_1               3  0.8   10   +10     175 R 
    g66141/A1                                                                             +0     175   
    g66141/X                               SAEDRVT14_OAI21_0P5             1  0.2    5    +7     182 F 
    g66139/B                                                                              +0     182   
    g66139/X                               SAEDRVT14_AO21B_0P5             2  0.6    6    +7     189 R 
    g66138/A1                                                                             +0     189   
    g66138/X                               SAEDRVT14_AN2_MM_1              2  0.8    4   +10     199 R 
    g66135/A2                                                                             +0     199   
    g66135/X                               SAEDRVT14_OAI31_0P75            1  0.2    2   +15     214 F 
    g66134/B                                                                              +0     214   
    g66134/X                               SAEDRVT14_OAI21_0P5             1  0.4    6    +5     218 R 
    g66133/A1                                                                             +0     218   
    g66133/X                               SAEDRVT14_OAI22_1               1  0.2    6    +7     225 F 
    g66132/B                                                                              +0     225   
    g66132/X                               SAEDRVT14_AO21B_0P5             1  0.3    4    +5     230 R 
    g66131/A1                                                                             +0     230   
    g66131/X                               SAEDRVT14_AO21_1                8  3.2   12   +18     248 R 
    g66125/S                                                                              +0     248   
    g66125/X                               SAEDRVT14_MUXI2_U_0P5           3  1.1   15   +18     267 R 
    g66121/A1                                                                             +0     267   
    g66121/X                               SAEDRVT14_AOI21_0P75            1  0.3    7    +9     276 F 
    g66119/B                                                                              +0     276   
    g66119/X                               SAEDRVT14_OA21B_1               3  0.9    7    +8     284 R 
    g66117/A1                                                                             +0     284   
    g66117/X                               SAEDRVT14_AOI21_0P75            2  0.7    8    +8     292 F 
    g66115/A2                                                                             +0     292   
    g66115/X                               SAEDRVT14_NR2_MM_1              1  0.4    4    +7     299 R 
    g66113/B1                                                                             +0     299   
    g66113/X                               SAEDRVT14_OAI22_1               2  0.6    9    +9     308 F 
    g66111/A1                                                                             +0     308   
    g66111/X                               SAEDRVT14_AOI21_0P5             2  0.6    8   +10     318 R 
    g66110/A1                                                                             +0     318   
    g66110/X                               SAEDRVT14_OA21_1                1  0.4    3   +11     329 R 
    g67590/A2                                                                             +0     329   
    g67590/X                               SAEDRVT14_OAI31_2               7  3.1    7   +19     348 F 
    g66106/A                                                                              +0     348   
    g66106/X                               SAEDRVT14_INV_S_2               8  3.2    6    +8     356 R 
    g66103/B1                                                                             +0     356   
    g66103/X                               SAEDRVT14_OAI22_1               3  0.9   10   +11     367 F 
    g66097/A1                                                                             +0     367   
    g66097/X                               SAEDRVT14_OA21_1                1  0.3    3   +13     380 F 
    g66094/B                                                                              +0     380   
    g66094/X                               SAEDRVT14_AO21_1                2  0.6    4   +11     391 F 
    g66092/A1                                                                             +0     391   
    g66092/X                               SAEDRVT14_OA21B_1               2  0.8    7   +12     402 F 
    g67589/A3                                                                             +0     402   
    g67589/X                               SAEDRVT14_NR3_1                 1  0.4    2   +16     418 R 
    g66088/B1                                                                             +0     418   
    g66088/X                               SAEDRVT14_OAI22_1               1  0.2    7    +6     424 F 
    g66087/B                                                                              +0     424   
    g66087/X                               SAEDRVT14_AOI21_0P75            1  0.3    6    +8     432 R 
    g66086/B                                                                              +0     432   
    g66086/X                               SAEDRVT14_OA21B_1               1  0.2    4    +5     437 F 
    g66085/B                                                                              +0     437   
    g66085/X                               SAEDRVT14_AOI21_0P75            1  0.3    6    +6     443 R 
    g66084/A1                                                                             +0     443   
    g66084/X                               SAEDRVT14_OA21_1                6  2.3    9   +15     458 R 
    g66076/S                                                                              +0     458   
    g66076/X                               SAEDRVT14_MUXI2_U_0P5           3  1.1   15   +17     475 R 
    g66070/A1                                                                             +0     475   
    g66070/X                               SAEDRVT14_AOI21_0P75            1  0.3    7    +9     484 F 
    g66069/B                                                                              +0     484   
    g66069/X                               SAEDRVT14_OA21B_1               3  0.9    7    +8     492 R 
    g66065/A1                                                                             +0     492   
    g66065/X                               SAEDRVT14_AOI21_0P5             2  0.8    9    +9     501 F 
    g66062/A1                                                                             +0     501   
    g66062/X                               SAEDRVT14_OAI21_0P5             1  0.4    7    +8     508 R 
    g66060/A2                                                                             +0     508   
    g66060/X                               SAEDRVT14_AOI21_0P75            1  0.7    7    +9     518 F 
    g66059/A1                                                                             +0     518   
    g66059/X                               SAEDRVT14_NR2_2                 8  3.3   11   +11     529 R 
    g66058/A                                                                              +0     529   
    g66058/X                               SAEDRVT14_INV_2                 7  2.6    6    +8     536 F 
    g66055/A1                                                                             +0     536   
    g66055/X                               SAEDRVT14_OAI22_1               2  0.6    9    +7     544 R 
    g66041/B                                                                              +0     544   
    g66041/X                               SAEDRVT14_OA21_1                1  0.4    3   +13     557 R 
    g66037/A1                                                                             +0     557   
    g66037/X                               SAEDRVT14_OAI22_1               2  0.6    8    +7     564 F 
    g66035/A1                                                                             +0     564   
    g66035/X                               SAEDRVT14_AOI21_0P5             1  0.4    7    +9     573 R 
    g66033/A2                                                                             +0     573   
    g66033/X                               SAEDRVT14_NR2_MM_1              1  0.3    3    +6     578 F 
    g66032/A1                                                                             +0     578   
    g66032/X                               SAEDRVT14_OAI31_1               8  2.9   13   +23     601 R 
    g66028/S                                                                              +0     601   
    g66028/X                               SAEDRVT14_MUXI2_U_0P5           3  0.9   13   +17     619 R 
    g66019/A1                                                                             +0     619   
    g66019/X                               SAEDRVT14_AOI21_0P75            1  0.3    6    +9     627 F 
    g66017/B                                                                              +0     627   
    g66017/X                               SAEDRVT14_OA21B_1               1  0.2    3    +4     632 R 
    g66016/B                                                                              +0     632   
    g66016/X                               SAEDRVT14_AOI21_0P75            2  0.6    8    +6     637 F 
    g66015/A1                                                                             +0     637   
    g66015/X                               SAEDRVT14_NR3_1                 1  0.4    2   +13     650 R 
    g66013/A1                                                                             +0     650   
    g66013/X                               SAEDRVT14_OAI22_1               2  0.6    9    +7     657 F 
    g66012/A2                                                                             +0     657   
    g66012/X                               SAEDRVT14_ND2_CDC_0P5           2  0.7    6    +7     664 R 
    g66009/A2                                                                             +0     664   
    g66009/X                               SAEDRVT14_AO32_U_0P5            1  0.3    5   +15     680 R 
    g66008/A1                                                                             +0     680   
    g66008/X                               SAEDRVT14_AO221_0P5             1  0.3    5   +17     697 R 
    g66007/A2                                                                             +0     697   
    g66007/X                               SAEDRVT14_ND2_CDC_0P5           4  1.9   10   +10     707 F 
    g66006/A                                                                              +0     707   
    g66006/X                               SAEDRVT14_INV_PS_2              8  3.2    8   +10     717 R 
    g66005/A1                                                                             +0     717   
    g66005/X                               SAEDRVT14_OAI22_1              12  5.6   37   +30     746 F 
    g66001/A                                                                              +0     746   
    g66001/X                               SAEDRVT14_INV_1                10  3.2   18   +24     770 R 
    g65990/A2                                                                             +0     770   
    g65990/X                               SAEDRVT14_ND2_CDC_0P5           2  1.1    9   +12     782 F 
    g65880/A2                                                                             +0     782   
    g65880/X                               SAEDRVT14_AOI21_0P75            1  0.7    9   +12     793 R 
    g65543/CI                                                                             +0     793   
    g65543/CO                              SAEDRVT14_ADDF_V1_1             1  0.7    5   +18     812 R 
    g65385/CI                                                                             +0     812   
    g65385/CO                              SAEDRVT14_ADDF_V1_1             2  0.8    6   +17     829 R 
    g65340/A1                                                                             +0     829   
    g65340/X                               SAEDRVT14_AO21B_0P5             1  0.3    4   +11     840 R 
    g65333/C                                                                              +0     840   
    g65333/X                               SAEDRVT14_OA221_U_0P5           3  0.9    8   +18     858 R 
    g65308/B                                                                              +0     858   
    g65308/X                               SAEDRVT14_ND2B_U_0P5            8  2.5   25   +23     880 F 
    g65239/A1                                                                             +0     880   
    g65239/X                               SAEDRVT14_NR2_MM_1              3  1.0   11   +13     894 R 
    g65196/A                                                                              +0     894   
    g65196/X                               SAEDRVT14_INV_1                 7  2.1    8   +10     904 F 
    g65180/A1                                                                             +0     904   
    g65180/X                               SAEDRVT14_NR2_MM_1              7  2.2   15   +14     917 R 
    g64925/B                                                                              +0     917   
    g64925/X                               SAEDRVT14_ND2B_U_0P5            1  0.3    6   +10     927 F 
    g64859/C                                                                              +0     927   
    g64859/X                               SAEDRVT14_OA221_U_0P5           2  1.0    8   +15     941 F 
    inc_add_241_47_I6_g467/A                                                              +0     941   
    inc_add_241_47_I6_g467/CO              SAEDRVT14_ADDH_0P5              1  0.7    4    +9     951 F 
    inc_add_241_47_I6_g466/A                                                              +0     951   
    inc_add_241_47_I6_g466/S               SAEDRVT14_ADDH_0P5              1  0.3    4   +11     962 R 
    g42395/A1                                                                             +0     962   
    g42395/X                               SAEDRVT14_AO21_1                1  0.7    5   +12     974 R 
    csa_tree_add_257_42_groupi_g10601/CI                                                  +0     974   
    csa_tree_add_257_42_groupi_g10601/S    SAEDRVT14_ADDF_V1_1             1  0.7    5   +35    1008 F 
    csa_tree_add_257_42_groupi_g10561/CI                                                  +0    1008   
    csa_tree_add_257_42_groupi_g10561/CO   SAEDRVT14_ADDF_V1_1             1  0.7    5   +17    1026 F 
    csa_tree_add_257_42_groupi_g10505/CI                                                  +0    1026   
    csa_tree_add_257_42_groupi_g10505/S    SAEDRVT14_ADDF_V1_1             1  0.7    5   +32    1058 R 
    csa_tree_add_257_42_groupi_g10480/CI                                                  +0    1058   
    csa_tree_add_257_42_groupi_g10480/S    SAEDRVT14_ADDF_V1_1             1  1.3    6   +36    1094 F 
    csa_tree_add_257_42_groupi_g10477/A                                                   +0    1094   
    csa_tree_add_257_42_groupi_g10477/CO   SAEDRVT14_ADDF_V1_1             1  0.7    5   +17    1111 F 
    csa_tree_add_257_42_groupi_g10476/CI                                                  +0    1111   
    csa_tree_add_257_42_groupi_g10476/CO   SAEDRVT14_ADDF_V1_1             1  0.7    5   +18    1128 F 
    csa_tree_add_257_42_groupi_g10475/CI                                                  +0    1128   
    csa_tree_add_257_42_groupi_g10475/CO   SAEDRVT14_ADDF_V1_1             1  0.7    5   +18    1146 F 
    csa_tree_add_257_42_groupi_g10474/CI                                                  +0    1146   
    csa_tree_add_257_42_groupi_g10474/CO   SAEDRVT14_ADDF_V1_1             1  0.7    5   +18    1163 F 
    csa_tree_add_257_42_groupi_g10473/CI                                                  +0    1163   
    csa_tree_add_257_42_groupi_g10473/CO   SAEDRVT14_ADDF_V1_1             1  0.7    5   +18    1181 F 
    csa_tree_add_257_42_groupi_g10472/CI                                                  +0    1181   
    csa_tree_add_257_42_groupi_g10472/CO   SAEDRVT14_ADDF_V1_1             1  0.7    5   +18    1198 F 
    csa_tree_add_257_42_groupi_g10471/CI                                                  +0    1198   
    csa_tree_add_257_42_groupi_g10471/CO   SAEDRVT14_ADDF_V1_1             1  0.7    5   +18    1216 F 
    csa_tree_add_257_42_groupi_g10470/CI                                                  +0    1216   
    csa_tree_add_257_42_groupi_g10470/CO   SAEDRVT14_ADDF_V1_1             1  0.7    5   +18    1233 F 
    csa_tree_add_257_42_groupi_g10469/CI                                                  +0    1233   
    csa_tree_add_257_42_groupi_g10469/CO   SAEDRVT14_ADDF_V1_1             1  0.7    5   +18    1251 F 
    csa_tree_add_257_42_groupi_g10468/CI                                                  +0    1251   
    csa_tree_add_257_42_groupi_g10468/CO   SAEDRVT14_ADDF_V1_1             1  0.7    5   +18    1268 F 
    csa_tree_add_257_42_groupi_g10467/CI                                                  +0    1268   
    csa_tree_add_257_42_groupi_g10467/CO   SAEDRVT14_ADDF_V1_1             1  0.7    5   +18    1286 F 
    csa_tree_add_257_42_groupi_g10466/CI                                                  +0    1286   
    csa_tree_add_257_42_groupi_g10466/CO   SAEDRVT14_ADDF_V1_1             1  0.7    5   +18    1303 F 
    csa_tree_add_257_42_groupi_g10465/CI                                                  +0    1303   
    csa_tree_add_257_42_groupi_g10465/CO   SAEDRVT14_ADDF_V1_1             1  0.7    5   +18    1321 F 
    csa_tree_add_257_42_groupi_g10464/CI                                                  +0    1321   
    csa_tree_add_257_42_groupi_g10464/CO   SAEDRVT14_ADDF_V1_1             1  0.7    5   +18    1338 F 
    csa_tree_add_257_42_groupi_g10463/CI                                                  +0    1338   
    csa_tree_add_257_42_groupi_g10463/CO   SAEDRVT14_ADDF_V1_1             1  0.7    5   +18    1356 F 
    csa_tree_add_257_42_groupi_g10462/CI                                                  +0    1356   
    csa_tree_add_257_42_groupi_g10462/CO   SAEDRVT14_ADDF_V1_1             1  0.7    5   +18    1373 F 
    csa_tree_add_257_42_groupi_g10461/CI                                                  +0    1373   
    csa_tree_add_257_42_groupi_g10461/CO   SAEDRVT14_ADDF_V1_1             1  0.7    5   +18    1391 F 
    csa_tree_add_257_42_groupi_g10460/CI                                                  +0    1391   
    csa_tree_add_257_42_groupi_g10460/CO   SAEDRVT14_ADDF_V1_1             1  0.7    5   +18    1408 F 
    csa_tree_add_257_42_groupi_g10459/CI                                                  +0    1408   
    csa_tree_add_257_42_groupi_g10459/CO   SAEDRVT14_ADDF_V1_1             1  0.7    5   +18    1426 F 
    csa_tree_add_257_42_groupi_g10458/CI                                                  +0    1426   
    csa_tree_add_257_42_groupi_g10458/CO   SAEDRVT14_ADDF_V1_1             1  0.7    5   +18    1443 F 
    csa_tree_add_257_42_groupi_g10457/CI                                                  +0    1443   
    csa_tree_add_257_42_groupi_g10457/CO   SAEDRVT14_ADDF_V1_1             1  0.7    5   +18    1461 F 
    csa_tree_add_257_42_groupi_g10456/CI                                                  +0    1461   
    csa_tree_add_257_42_groupi_g10456/CO   SAEDRVT14_ADDF_V1_1             1  0.7    5   +18    1478 F 
    csa_tree_add_257_42_groupi_g10455/CI                                                  +0    1478   
    csa_tree_add_257_42_groupi_g10455/CO   SAEDRVT14_ADDF_V2_1             2  0.8    4   +13    1491 F 
    csa_tree_add_257_42_groupi_g10453/A1                                                  +0    1491   
    csa_tree_add_257_42_groupi_g10453/X    SAEDRVT14_AOI21_0P5             1  0.7    9    +8    1500 R 
    csa_tree_add_257_42_groupi_g10452/CI                                                  +0    1500   
    csa_tree_add_257_42_groupi_g10452/CO   SAEDRVT14_ADDF_V1_2            30 12.0   23   +35    1534 R 
    g42276/S                                                                              +0    1534   
    g42276/X                               SAEDRVT14_MUX2_MM_0P5           3  1.0    7   +21    1556 F 
    g42251/A2                                                                             +0    1556   
    g42251/X                               SAEDRVT14_NR2_MM_1              2  0.6    5    +8    1564 R 
    g42243/A                                                                              +0    1564   
    g42243/X                               SAEDRVT14_NR3B_U_0P5            2  0.8    6   +20    1584 R 
    g42237/A1                                                                             +0    1584   
    g42237/X                               SAEDRVT14_ND2_CDC_0P5           2  0.7    5    +7    1591 F 
    g42233/A                                                                              +0    1591   
    g42233/X                               SAEDRVT14_ND2B_U_0P5            3  1.5   15   +17    1608 F 
    g42226/A2                                                                             +0    1608   
    g42226/X                               SAEDRVT14_NR2_MM_1              3  0.7    7   +11    1619 R 
    g42224/B                                                                              +0    1619   
    g42224/X                               SAEDRVT14_ND2B_U_0P5            3  1.0   11   +12    1631 F 
    g42219/B1                                                                             +0    1631   
    g42219/X                               SAEDRVT14_OAI33_1              28 10.3   44   +51    1682 R 
    sll_266_33_g1543/A                                                                    +0    1682   
    sll_266_33_g1543/X                     SAEDRVT14_INV_1                23  9.7   32   +42    1724 F 
    g66955/A                                                                              +0    1724   
    g66955/CO                              SAEDRVT14_ADDF_V1_1             1  0.7    5   +27    1751 F 
    g66923/CI                                                                             +0    1751   
    g66923/CO                              SAEDRVT14_ADDF_V1_1             1  0.7    5   +18    1768 F 
    g66900/CI                                                                             +0    1768   
    g66900/CO                              SAEDRVT14_ADDF_V1_1             1  0.7    5   +18    1786 F 
    g66880/CI                                                                             +0    1786   
    g66880/CO                              SAEDRVT14_ADDF_V1_1             1  0.7    5   +18    1803 F 
    g66855/CI                                                                             +0    1803   
    g66855/CO                              SAEDRVT14_ADDF_V1_1             1  0.7    5   +18    1821 F 
    g66828/CI                                                                             +0    1821   
    g66828/CO                              SAEDRVT14_ADDF_V1_1             1  0.5    4   +17    1837 F 
    g66814/A1                                                                             +0    1837   
    g66814/X                               SAEDRVT14_EO2_V1_0P75           2  0.4    7   +11    1848 F 
    g66793/B1                                                                             +0    1848   
    g66793/X                               SAEDRVT14_ND3B_0P75             1  0.3    2   +16    1864 R 
    g66745/A1                                                                             +0    1864   
    g66745/X                               SAEDRVT14_OR4_1                 1  0.3    3    +7    1871 R 
    g66728/A1                                                                             +0    1871   
    g66728/X                               SAEDRVT14_OR4_1                 2  0.6    4    +8    1879 R 
    g66719/A1                                                                             +0    1879   
    g66719/X                               SAEDRVT14_AN3_0P75             31 11.8   39   +37    1916 R 
    g66683/A2                                                                             +0    1916   
    g66683/X                               SAEDRVT14_AO32_1                1  0.2    5   +24    1940 R 
    result_reg_reg[17]/RS                  SAEDRVT14_FDPCBQ_V2LP_0P5                      +0    1940   
    result_reg_reg[17]/CK                  setup                                    20   +10    1950 R 
- - - - - - - - - - - - - - - - - - - - - - - - - - - - - - - - - - - - - - - - - - - - - - - - - - - -
(clock clk)                                capture                                              2000 R 
                                           uncertainty                                   -50    1950 R 
-------------------------------------------------------------------------------------------------------
Cost Group   : 'clk' (path_group 'clk')
Timing slack :       0ps 
Start-point  : u_pe_array/gen_tile[362].u_tile/mul_prod_reg_reg[1][23]/CK
End-point    : u_pe_array/gen_tile[362].u_tile/result_reg_reg[17]/RS

path  10:

                  Pin                               Type              Fanout Load Slew Delay Arrival   
                                                                             (fF) (ps)  (ps)   (ps)    
-------------------------------------------------------------------------------------------------------
(clock clk)                                launch                                                  0 R 
u_pe_array
  gen_tile[362].u_tile
    mul_prod_reg_reg[1][23]/CK                                                      20             0 R 
    mul_prod_reg_reg[1][23]/Q              SAEDRVT14_FDP_V2LP_1            7  2.8    9   +35      35 F 
    g66237/A2                                                                             +0      35   
    g66237/X                               SAEDRVT14_AOI21_0P5             1  0.3    7   +10      45 R 
    g67598/A1                                                                             +0      45   
    g67598/X                               SAEDRVT14_OA22_0P75             1  0.3    3   +11      56 R 
    g67597/A1                                                                             +0      56   
    g67597/X                               SAEDRVT14_OA22_0P75             1  0.3    3   +10      66 R 
    g67596/A1                                                                             +0      66   
    g67596/X                               SAEDRVT14_OA21B_1               1  0.7    5   +11      76 R 
    g66188/A1                                                                             +0      76   
    g66188/X                               SAEDRVT14_NR2_2                 8  3.0    8    +8      84 F 
    g66172/S                                                                              +0      84   
    g66172/X                               SAEDRVT14_MUX2_MM_0P5           3  1.1    8   +18     102 R 
    g66169/A1                                                                             +0     102   
    g66169/X                               SAEDRVT14_AN2_MM_1              2  0.7    4   +10     112 R 
    g67592/A1                                                                             +0     112   
    g67592/X                               SAEDRVT14_OAI32_0P5             1  0.2    2   +18     131 F 
    g66154/B                                                                              +0     131   
    g66154/X                               SAEDRVT14_AOI21_0P75            1  0.3    6    +6     136 R 
    g66153/A1                                                                             +0     136   
    g66153/X                               SAEDRVT14_OAI21_0P5             1  0.7    8    +8     145 F 
    g66152/A1                                                                             +0     145   
    g66152/X                               SAEDRVT14_NR2_MM_2              8  3.4   11   +12     157 R 
    g66151/A                                                                              +0     157   
    g66151/X                               SAEDRVT14_INV_S_2               7  2.7    6    +8     165 F 
    g66150/B1                                                                             +0     165   
    g66150/X                               SAEDRVT14_OAI22_1               3  0.8   10   +10     175 R 
    g66141/A1                                                                             +0     175   
    g66141/X                               SAEDRVT14_OAI21_0P5             1  0.2    5    +7     182 F 
    g66139/B                                                                              +0     182   
    g66139/X                               SAEDRVT14_AO21B_0P5             2  0.6    6    +7     189 R 
    g66138/A1                                                                             +0     189   
    g66138/X                               SAEDRVT14_AN2_MM_1              2  0.8    4   +10     199 R 
    g66135/A2                                                                             +0     199   
    g66135/X                               SAEDRVT14_OAI31_0P75            1  0.2    2   +15     214 F 
    g66134/B                                                                              +0     214   
    g66134/X                               SAEDRVT14_OAI21_0P5             1  0.4    6    +5     218 R 
    g66133/A1                                                                             +0     218   
    g66133/X                               SAEDRVT14_OAI22_1               1  0.2    6    +7     225 F 
    g66132/B                                                                              +0     225   
    g66132/X                               SAEDRVT14_AO21B_0P5             1  0.3    4    +5     230 R 
    g66131/A1                                                                             +0     230   
    g66131/X                               SAEDRVT14_AO21_1                8  3.2   12   +18     248 R 
    g66125/S                                                                              +0     248   
    g66125/X                               SAEDRVT14_MUXI2_U_0P5           3  1.1   15   +18     267 R 
    g66121/A1                                                                             +0     267   
    g66121/X                               SAEDRVT14_AOI21_0P75            1  0.3    7    +9     276 F 
    g66119/B                                                                              +0     276   
    g66119/X                               SAEDRVT14_OA21B_1               3  0.9    7    +8     284 R 
    g66117/A1                                                                             +0     284   
    g66117/X                               SAEDRVT14_AOI21_0P75            2  0.7    8    +8     292 F 
    g66115/A2                                                                             +0     292   
    g66115/X                               SAEDRVT14_NR2_MM_1              1  0.4    4    +7     299 R 
    g66113/B1                                                                             +0     299   
    g66113/X                               SAEDRVT14_OAI22_1               2  0.6    9    +9     308 F 
    g66111/A1                                                                             +0     308   
    g66111/X                               SAEDRVT14_AOI21_0P5             2  0.6    8   +10     318 R 
    g66110/A1                                                                             +0     318   
    g66110/X                               SAEDRVT14_OA21_1                1  0.4    3   +11     329 R 
    g67590/A2                                                                             +0     329   
    g67590/X                               SAEDRVT14_OAI31_2               7  3.1    7   +19     348 F 
    g66106/A                                                                              +0     348   
    g66106/X                               SAEDRVT14_INV_S_2               8  3.2    6    +8     356 R 
    g66103/B1                                                                             +0     356   
    g66103/X                               SAEDRVT14_OAI22_1               3  0.9   10   +11     367 F 
    g66097/A1                                                                             +0     367   
    g66097/X                               SAEDRVT14_OA21_1                1  0.3    3   +13     380 F 
    g66094/B                                                                              +0     380   
    g66094/X                               SAEDRVT14_AO21_1                2  0.6    4   +11     391 F 
    g66092/A1                                                                             +0     391   
    g66092/X                               SAEDRVT14_OA21B_1               2  0.8    7   +12     402 F 
    g67589/A3                                                                             +0     402   
    g67589/X                               SAEDRVT14_NR3_1                 1  0.4    2   +16     418 R 
    g66088/B1                                                                             +0     418   
    g66088/X                               SAEDRVT14_OAI22_1               1  0.2    7    +6     424 F 
    g66087/B                                                                              +0     424   
    g66087/X                               SAEDRVT14_AOI21_0P75            1  0.3    6    +8     432 R 
    g66086/B                                                                              +0     432   
    g66086/X                               SAEDRVT14_OA21B_1               1  0.2    4    +5     437 F 
    g66085/B                                                                              +0     437   
    g66085/X                               SAEDRVT14_AOI21_0P75            1  0.3    6    +6     443 R 
    g66084/A1                                                                             +0     443   
    g66084/X                               SAEDRVT14_OA21_1                6  2.3    9   +15     458 R 
    g66076/S                                                                              +0     458   
    g66076/X                               SAEDRVT14_MUXI2_U_0P5           3  1.1   15   +17     475 R 
    g66070/A1                                                                             +0     475   
    g66070/X                               SAEDRVT14_AOI21_0P75            1  0.3    7    +9     484 F 
    g66069/B                                                                              +0     484   
    g66069/X                               SAEDRVT14_OA21B_1               3  0.9    7    +8     492 R 
    g66065/A1                                                                             +0     492   
    g66065/X                               SAEDRVT14_AOI21_0P5             2  0.8    9    +9     501 F 
    g66062/A1                                                                             +0     501   
    g66062/X                               SAEDRVT14_OAI21_0P5             1  0.4    7    +8     508 R 
    g66060/A2                                                                             +0     508   
    g66060/X                               SAEDRVT14_AOI21_0P75            1  0.7    7    +9     518 F 
    g66059/A1                                                                             +0     518   
    g66059/X                               SAEDRVT14_NR2_2                 8  3.3   11   +11     529 R 
    g66058/A                                                                              +0     529   
    g66058/X                               SAEDRVT14_INV_2                 7  2.6    6    +8     536 F 
    g66055/A1                                                                             +0     536   
    g66055/X                               SAEDRVT14_OAI22_1               2  0.6    9    +7     544 R 
    g66041/B                                                                              +0     544   
    g66041/X                               SAEDRVT14_OA21_1                1  0.4    3   +13     557 R 
    g66037/A1                                                                             +0     557   
    g66037/X                               SAEDRVT14_OAI22_1               2  0.6    8    +7     564 F 
    g66035/A1                                                                             +0     564   
    g66035/X                               SAEDRVT14_AOI21_0P5             1  0.4    7    +9     573 R 
    g66033/A2                                                                             +0     573   
    g66033/X                               SAEDRVT14_NR2_MM_1              1  0.3    3    +6     578 F 
    g66032/A1                                                                             +0     578   
    g66032/X                               SAEDRVT14_OAI31_1               8  2.9   13   +23     601 R 
    g66028/S                                                                              +0     601   
    g66028/X                               SAEDRVT14_MUXI2_U_0P5           3  0.9   13   +17     619 R 
    g66019/A1                                                                             +0     619   
    g66019/X                               SAEDRVT14_AOI21_0P75            1  0.3    6    +9     627 F 
    g66017/B                                                                              +0     627   
    g66017/X                               SAEDRVT14_OA21B_1               1  0.2    3    +4     632 R 
    g66016/B                                                                              +0     632   
    g66016/X                               SAEDRVT14_AOI21_0P75            2  0.6    8    +6     637 F 
    g66015/A1                                                                             +0     637   
    g66015/X                               SAEDRVT14_NR3_1                 1  0.4    2   +13     650 R 
    g66013/A1                                                                             +0     650   
    g66013/X                               SAEDRVT14_OAI22_1               2  0.6    9    +7     657 F 
    g66012/A2                                                                             +0     657   
    g66012/X                               SAEDRVT14_ND2_CDC_0P5           2  0.7    6    +7     664 R 
    g66009/A2                                                                             +0     664   
    g66009/X                               SAEDRVT14_AO32_U_0P5            1  0.3    5   +15     680 R 
    g66008/A1                                                                             +0     680   
    g66008/X                               SAEDRVT14_AO221_0P5             1  0.3    5   +17     697 R 
    g66007/A2                                                                             +0     697   
    g66007/X                               SAEDRVT14_ND2_CDC_0P5           4  1.9   10   +10     707 F 
    g66006/A                                                                              +0     707   
    g66006/X                               SAEDRVT14_INV_PS_2              8  3.2    8   +10     717 R 
    g66005/A1                                                                             +0     717   
    g66005/X                               SAEDRVT14_OAI22_1              12  5.6   37   +30     746 F 
    g66001/A                                                                              +0     746   
    g66001/X                               SAEDRVT14_INV_1                10  3.2   18   +24     770 R 
    g65990/A2                                                                             +0     770   
    g65990/X                               SAEDRVT14_ND2_CDC_0P5           2  1.1    9   +12     782 F 
    g65880/A2                                                                             +0     782   
    g65880/X                               SAEDRVT14_AOI21_0P75            1  0.7    9   +12     793 R 
    g65543/CI                                                                             +0     793   
    g65543/CO                              SAEDRVT14_ADDF_V1_1             1  0.7    5   +18     812 R 
    g65385/CI                                                                             +0     812   
    g65385/CO                              SAEDRVT14_ADDF_V1_1             2  0.8    6   +17     829 R 
    g65340/A1                                                                             +0     829   
    g65340/X                               SAEDRVT14_AO21B_0P5             1  0.3    4   +11     840 R 
    g65333/C                                                                              +0     840   
    g65333/X                               SAEDRVT14_OA221_U_0P5           3  0.9    8   +18     858 R 
    g65308/B                                                                              +0     858   
    g65308/X                               SAEDRVT14_ND2B_U_0P5            8  2.5   25   +23     880 F 
    g65239/A1                                                                             +0     880   
    g65239/X                               SAEDRVT14_NR2_MM_1              3  1.0   11   +13     894 R 
    g65196/A                                                                              +0     894   
    g65196/X                               SAEDRVT14_INV_1                 7  2.1    8   +10     904 F 
    g65180/A1                                                                             +0     904   
    g65180/X                               SAEDRVT14_NR2_MM_1              7  2.2   15   +14     917 R 
    g64925/B                                                                              +0     917   
    g64925/X                               SAEDRVT14_ND2B_U_0P5            1  0.3    6   +10     927 F 
    g64859/C                                                                              +0     927   
    g64859/X                               SAEDRVT14_OA221_U_0P5           2  1.0    8   +15     941 F 
    inc_add_241_47_I6_g467/A                                                              +0     941   
    inc_add_241_47_I6_g467/CO              SAEDRVT14_ADDH_0P5              1  0.7    4    +9     951 F 
    inc_add_241_47_I6_g466/A                                                              +0     951   
    inc_add_241_47_I6_g466/S               SAEDRVT14_ADDH_0P5              1  0.3    4   +11     962 R 
    g42395/A1                                                                             +0     962   
    g42395/X                               SAEDRVT14_AO21_1                1  0.7    5   +12     974 R 
    csa_tree_add_257_42_groupi_g10601/CI                                                  +0     974   
    csa_tree_add_257_42_groupi_g10601/S    SAEDRVT14_ADDF_V1_1             1  0.7    5   +35    1008 F 
    csa_tree_add_257_42_groupi_g10561/CI                                                  +0    1008   
    csa_tree_add_257_42_groupi_g10561/CO   SAEDRVT14_ADDF_V1_1             1  0.7    5   +17    1026 F 
    csa_tree_add_257_42_groupi_g10505/CI                                                  +0    1026   
    csa_tree_add_257_42_groupi_g10505/S    SAEDRVT14_ADDF_V1_1             1  0.7    5   +32    1058 R 
    csa_tree_add_257_42_groupi_g10480/CI                                                  +0    1058   
    csa_tree_add_257_42_groupi_g10480/S    SAEDRVT14_ADDF_V1_1             1  1.3    6   +36    1094 F 
    csa_tree_add_257_42_groupi_g10477/A                                                   +0    1094   
    csa_tree_add_257_42_groupi_g10477/CO   SAEDRVT14_ADDF_V1_1             1  0.7    5   +17    1111 F 
    csa_tree_add_257_42_groupi_g10476/CI                                                  +0    1111   
    csa_tree_add_257_42_groupi_g10476/CO   SAEDRVT14_ADDF_V1_1             1  0.7    5   +18    1128 F 
    csa_tree_add_257_42_groupi_g10475/CI                                                  +0    1128   
    csa_tree_add_257_42_groupi_g10475/CO   SAEDRVT14_ADDF_V1_1             1  0.7    5   +18    1146 F 
    csa_tree_add_257_42_groupi_g10474/CI                                                  +0    1146   
    csa_tree_add_257_42_groupi_g10474/CO   SAEDRVT14_ADDF_V1_1             1  0.7    5   +18    1163 F 
    csa_tree_add_257_42_groupi_g10473/CI                                                  +0    1163   
    csa_tree_add_257_42_groupi_g10473/CO   SAEDRVT14_ADDF_V1_1             1  0.7    5   +18    1181 F 
    csa_tree_add_257_42_groupi_g10472/CI                                                  +0    1181   
    csa_tree_add_257_42_groupi_g10472/CO   SAEDRVT14_ADDF_V1_1             1  0.7    5   +18    1198 F 
    csa_tree_add_257_42_groupi_g10471/CI                                                  +0    1198   
    csa_tree_add_257_42_groupi_g10471/CO   SAEDRVT14_ADDF_V1_1             1  0.7    5   +18    1216 F 
    csa_tree_add_257_42_groupi_g10470/CI                                                  +0    1216   
    csa_tree_add_257_42_groupi_g10470/CO   SAEDRVT14_ADDF_V1_1             1  0.7    5   +18    1233 F 
    csa_tree_add_257_42_groupi_g10469/CI                                                  +0    1233   
    csa_tree_add_257_42_groupi_g10469/CO   SAEDRVT14_ADDF_V1_1             1  0.7    5   +18    1251 F 
    csa_tree_add_257_42_groupi_g10468/CI                                                  +0    1251   
    csa_tree_add_257_42_groupi_g10468/CO   SAEDRVT14_ADDF_V1_1             1  0.7    5   +18    1268 F 
    csa_tree_add_257_42_groupi_g10467/CI                                                  +0    1268   
    csa_tree_add_257_42_groupi_g10467/CO   SAEDRVT14_ADDF_V1_1             1  0.7    5   +18    1286 F 
    csa_tree_add_257_42_groupi_g10466/CI                                                  +0    1286   
    csa_tree_add_257_42_groupi_g10466/CO   SAEDRVT14_ADDF_V1_1             1  0.7    5   +18    1303 F 
    csa_tree_add_257_42_groupi_g10465/CI                                                  +0    1303   
    csa_tree_add_257_42_groupi_g10465/CO   SAEDRVT14_ADDF_V1_1             1  0.7    5   +18    1321 F 
    csa_tree_add_257_42_groupi_g10464/CI                                                  +0    1321   
    csa_tree_add_257_42_groupi_g10464/CO   SAEDRVT14_ADDF_V1_1             1  0.7    5   +18    1338 F 
    csa_tree_add_257_42_groupi_g10463/CI                                                  +0    1338   
    csa_tree_add_257_42_groupi_g10463/CO   SAEDRVT14_ADDF_V1_1             1  0.7    5   +18    1356 F 
    csa_tree_add_257_42_groupi_g10462/CI                                                  +0    1356   
    csa_tree_add_257_42_groupi_g10462/CO   SAEDRVT14_ADDF_V1_1             1  0.7    5   +18    1373 F 
    csa_tree_add_257_42_groupi_g10461/CI                                                  +0    1373   
    csa_tree_add_257_42_groupi_g10461/CO   SAEDRVT14_ADDF_V1_1             1  0.7    5   +18    1391 F 
    csa_tree_add_257_42_groupi_g10460/CI                                                  +0    1391   
    csa_tree_add_257_42_groupi_g10460/CO   SAEDRVT14_ADDF_V1_1             1  0.7    5   +18    1408 F 
    csa_tree_add_257_42_groupi_g10459/CI                                                  +0    1408   
    csa_tree_add_257_42_groupi_g10459/CO   SAEDRVT14_ADDF_V1_1             1  0.7    5   +18    1426 F 
    csa_tree_add_257_42_groupi_g10458/CI                                                  +0    1426   
    csa_tree_add_257_42_groupi_g10458/CO   SAEDRVT14_ADDF_V1_1             1  0.7    5   +18    1443 F 
    csa_tree_add_257_42_groupi_g10457/CI                                                  +0    1443   
    csa_tree_add_257_42_groupi_g10457/CO   SAEDRVT14_ADDF_V1_1             1  0.7    5   +18    1461 F 
    csa_tree_add_257_42_groupi_g10456/CI                                                  +0    1461   
    csa_tree_add_257_42_groupi_g10456/CO   SAEDRVT14_ADDF_V1_1             1  0.7    5   +18    1478 F 
    csa_tree_add_257_42_groupi_g10455/CI                                                  +0    1478   
    csa_tree_add_257_42_groupi_g10455/CO   SAEDRVT14_ADDF_V2_1             2  0.8    4   +13    1491 F 
    csa_tree_add_257_42_groupi_g10453/A1                                                  +0    1491   
    csa_tree_add_257_42_groupi_g10453/X    SAEDRVT14_AOI21_0P5             1  0.7    9    +8    1500 R 
    csa_tree_add_257_42_groupi_g10452/CI                                                  +0    1500   
    csa_tree_add_257_42_groupi_g10452/CO   SAEDRVT14_ADDF_V1_2            30 12.0   23   +35    1534 R 
    g42276/S                                                                              +0    1534   
    g42276/X                               SAEDRVT14_MUX2_MM_0P5           3  1.0    7   +21    1556 F 
    g42251/A2                                                                             +0    1556   
    g42251/X                               SAEDRVT14_NR2_MM_1              2  0.6    5    +8    1564 R 
    g42243/A                                                                              +0    1564   
    g42243/X                               SAEDRVT14_NR3B_U_0P5            2  0.8    6   +20    1584 R 
    g42237/A1                                                                             +0    1584   
    g42237/X                               SAEDRVT14_ND2_CDC_0P5           2  0.7    5    +7    1591 F 
    g42233/A                                                                              +0    1591   
    g42233/X                               SAEDRVT14_ND2B_U_0P5            3  1.5   15   +17    1608 F 
    g42226/A2                                                                             +0    1608   
    g42226/X                               SAEDRVT14_NR2_MM_1              3  0.7    7   +11    1619 R 
    g42224/B                                                                              +0    1619   
    g42224/X                               SAEDRVT14_ND2B_U_0P5            3  1.0   11   +12    1631 F 
    g42219/B1                                                                             +0    1631   
    g42219/X                               SAEDRVT14_OAI33_1              28 10.3   44   +51    1682 R 
    sll_266_33_g1543/A                                                                    +0    1682   
    sll_266_33_g1543/X                     SAEDRVT14_INV_1                23  9.7   32   +42    1724 F 
    g66955/A                                                                              +0    1724   
    g66955/CO                              SAEDRVT14_ADDF_V1_1             1  0.7    5   +27    1751 F 
    g66923/CI                                                                             +0    1751   
    g66923/CO                              SAEDRVT14_ADDF_V1_1             1  0.7    5   +18    1768 F 
    g66900/CI                                                                             +0    1768   
    g66900/CO                              SAEDRVT14_ADDF_V1_1             1  0.7    5   +18    1786 F 
    g66880/CI                                                                             +0    1786   
    g66880/CO                              SAEDRVT14_ADDF_V1_1             1  0.7    5   +18    1803 F 
    g66855/CI                                                                             +0    1803   
    g66855/CO                              SAEDRVT14_ADDF_V1_1             1  0.7    5   +18    1821 F 
    g66828/CI                                                                             +0    1821   
    g66828/CO                              SAEDRVT14_ADDF_V1_1             1  0.5    4   +17    1837 F 
    g66814/A1                                                                             +0    1837   
    g66814/X                               SAEDRVT14_EO2_V1_0P75           2  0.4    7   +11    1848 F 
    g66793/B1                                                                             +0    1848   
    g66793/X                               SAEDRVT14_ND3B_0P75             1  0.3    2   +16    1864 R 
    g66745/A1                                                                             +0    1864   
    g66745/X                               SAEDRVT14_OR4_1                 1  0.3    3    +7    1871 R 
    g66728/A1                                                                             +0    1871   
    g66728/X                               SAEDRVT14_OR4_1                 2  0.6    4    +8    1879 R 
    g66719/A1                                                                             +0    1879   
    g66719/X                               SAEDRVT14_AN3_0P75             31 11.8   39   +37    1916 R 
    g66682/A2                                                                             +0    1916   
    g66682/X                               SAEDRVT14_AO32_1                1  0.2    5   +24    1940 R 
    result_reg_reg[16]/RS                  SAEDRVT14_FDPCBQ_V2LP_0P5                      +0    1940   
    result_reg_reg[16]/CK                  setup                                    20   +10    1950 R 
- - - - - - - - - - - - - - - - - - - - - - - - - - - - - - - - - - - - - - - - - - - - - - - - - - - -
(clock clk)                                capture                                              2000 R 
                                           uncertainty                                   -50    1950 R 
-------------------------------------------------------------------------------------------------------
Cost Group   : 'clk' (path_group 'clk')
Timing slack :       0ps 
Start-point  : u_pe_array/gen_tile[362].u_tile/mul_prod_reg_reg[1][23]/CK
End-point    : u_pe_array/gen_tile[362].u_tile/result_reg_reg[16]/RS
